MILP, Rearrange, Tercio, Search
10, 12.162450922709638, 15.055105412425899, 12.856032084754297, 12.16245092270964
10, 16.93029413998521, 20.46193286335936, 16.930294144243803, 16.930294144243803
10, 9.561145191536921, 11.86666964168204, 10.844831880608316, 9.561145192593134
10, 13.553798274491774, 17.267859663771805, 17.267859663771805, 14.751831081640585
10, 10.679578542251786, 11.116781693532658, 12.826133034572134, 10.679578543419773
10, 13.918513605342044, 15.577904944984857, 15.577904944984857, 13.919987375096136
10, 12.794451459688524, 17.354950421955525, 16.615183232734033, 15.71185919002269
10, 14.152473362822414, 16.508596037880913, 18.803347674983662, 16.508596037880913
10, 14.586100892564511, 18.03545553016903, 16.349865772122435, 14.586100892564511
10, 15.59745978210597, 18.84379617680398, 17.071275620014926, 15.597459782105952
10, 15.850307299639969, 17.484663836519278, 17.484663836519278, 17.484663836519278
10, 12.833357599156757, 14.09991073052742, 14.09991073052742, 14.09991073052742
10, 11.965383377770793, 13.712526040341848, 13.712526040341848, 11.965383377770792
10, 10.704697927502279, 10.704697928677243, 11.368833423631356, 10.704697928677243
10, 10.984678004213878, 15.019030678860545, 15.019030678860545, 15.019030678860545
10, 10.7009300885535, 11.208660949594321, 11.432722480962738, 11.208660949594321
10, 17.821157745818358, 18.36024764476566, 19.28848397838917, 17.878614880904113
10, 15.417855626235891, 17.37650475519021, 17.37650475519021, 15.417855626235891
10, 11.910270105958201, 15.451589951457343, 15.451589951457343, 15.451589951457343
10, 14.121937011197327, 16.330670785681015, 16.330670785681015, 15.287518770623125
10, 18.499376030530374, 18.49937606192501, 18.49937606192501, 18.49937606192501
10, 9.144957528328243, 12.870354320832762, 13.274543639414755, 11.562986452148579
10, 16.446455175528474, 19.79483548070378, 16.446455175528502, 16.446455175528502
10, 13.892861521991387, 15.562414929894313, 15.562414929894313, 14.273814443542618
10, 16.369593343704544, 16.36959334370467, 16.36959334370467, 16.36959334370467
10, 10.613995719208587, 11.564824759987317, 10.613995719208585, 10.613995719208585
10, 15.231987673425262, 16.281670766209775, 15.231987673425255, 15.231987673425255
10, 16.665887067490633, 16.665887067491305, 16.665887067491305, 16.665887067491305
10, 9.764655685496887, 11.11576456499769, 12.191642559462144, 9.764655685496885
10, 10.085095811635584, 12.998103901395968, 10.359284107460365, 10.304322156475028
10, 12.65747355042709, 15.99718734168555, 15.99718734168555, 12.657473550427557
10, 11.003819928723038, 14.344593814725352, 14.114818925372454, 14.114818925372454
10, 7.4771462294254665, 7.574938358425779, 9.020285446116958, 7.477146229425468
10, 11.714354826995201, 12.654205424863022, 12.654205424863022, 12.654205424863022
10, 11.56001899219934, 13.76588786840327, 12.471248470691904, 11.560018992199383
10, 17.44233414739236, 18.378963856876446, 18.219065131457903, 18.219065131457903
10, 11.815442020904083, 13.143534253378357, 13.952077052606764, 11.815442020904069
10, 12.382858731495585, 13.687045651270724, 13.906982324580756, 12.382858731495586
10, 12.724377277683747, 14.448761663980015, 15.738791883699369, 14.448761663980015
10, 9.886470666042946, 11.185500888091157, 11.185500888091157, 11.185500888091157
10, 10.717918857295597, 11.3789893691497, 11.3789893691497, 11.3789893691497
10, 9.61122124080371, 9.611221241865348, 9.611221241865348, 9.611221241865346
10, 10.13170318521475, 11.252834984837747, 11.252834984837747, 10.131703185214775
10, 11.376382174533715, 16.955239647415894, 17.59947545169253, 16.955239647415894
10, 10.069481393214264, 13.37217988243007, 14.191986611789783, 13.37217988243007
10, 9.244804296996087, 9.263325276775358, 9.263325276775358, 9.263325276775358
10, 10.876210520665063, 12.465454408227211, 12.465454408227211, 10.876210520665065
10, 12.413377607113427, 12.978182719616857, 12.978182719616857, 12.978182719616857
10, 14.762405954825056, 16.859020741700682, 16.859020741700682, 16.859020741700682
10, 16.658285626334916, 19.28899735076979, 19.288997350769794, 16.65828562633484
10, 8.517175218598748, 10.53242102016023, 9.993337094489574, 10.425459936831318
10, 9.615357512569322, 16.20386739315094, 14.71195280969818, 13.293171531556778
10, 24.178064538279106, 24.62265534234253, 24.908555440733803, 24.178064538279106
10, 13.478785463861515, 14.455166555285322, 14.455166555285322, 14.455166555285322
10, 11.704803040931294, 14.283608266529097, 12.793292916709643, 11.704803040931294
10, 10.778090863019814, 11.908414578682294, 11.908414578682294, 10.778090863019813
10, 16.981055308535005, 20.63143140239866, 17.46640423308931, 16.981055308535012
10, 11.771987031861974, 12.523313350655908, 12.523313350655908, 11.887671205145562
10, 14.449261728535994, 15.84217797303696, 14.449261728536044, 14.56947457621689
10, 14.17481492999949, 16.302716427245446, 16.302716427245446, 14.174814930016694
10, 10.270203743658449, 11.97639987837582, 12.12199721242502, 10.270203743658433
10, 16.061358374941488, 19.841907919718874, 19.841907919718874, 19.841907919718874
10, 11.623321535467076, 11.623321536729387, 13.888055705010993, 11.623321536729387
10, 13.394336906634642, 14.054510645768785, 14.054510645768785, 13.394336906634644
10, 10.254052988325828, 10.840735092307305, 10.840735092307305, 10.840735092307305
10, 18.126874634573618, 18.199112450775107, 18.199112450775107, 18.12687463457369
10, 14.973678612894352, 16.05544536141721, 18.260409370403565, 16.05544536141721
10, 11.384168992430336, 13.570678598322955, 12.639145494395683, 11.384168993668801
10, 13.996931249103728, 15.145373559896285, 16.21847386606854, 13.99693125060347
10, 18.453951427498605, 21.185029673367367, 21.185029673367367, 20.274785498689305
10, 10.509784243788014, 10.509784244942457, 11.984384310577141, 10.509784244942457
10, 13.567055058050647, 16.996060664540266, 16.99606066454027, 16.996060664540266
10, 12.814291553585528, 13.617497458164395, 13.617497458164395, 13.617497458164394
10, 17.16918602186382, 17.16918602187085, 17.16918602187085, 17.16918602187085
10, 13.0859588812381, 16.782843482874682, 17.60429427134092, 14.86968701279644
10, 14.11808196239459, 17.594493555331752, 16.96345553336586, 16.67980571348429
10, 11.038004969518607, 11.624867909395828, 11.038004970722351, 11.038004970722351
10, 14.979955923814709, 14.979955923830898, 16.493404832492107, 14.979955923830898
10, 11.681779120858131, 15.731953319165175, 14.321463193070617, 12.086080784031761
10, 11.84046165455826, 12.32504603687376, 15.360326714456534, 12.32504603687376
10, 11.097720611536715, 13.506416945259229, 13.506416945259229, 11.498479921429215
10, 12.622706335885347, 15.896105703419336, 15.896105703419336, 14.783547940213248
10, 11.235362058649898, 11.681103624660729, 11.681103624660729, 11.681103624660729
10, 14.168859322934772, 15.535577614624938, 15.53557761462494, 15.535577614624938
10, 11.864259443392115, 19.50720898376591, 18.0150244823546, 11.864259443395087
10, 10.340805527310815, 13.717967633372496, 12.736623014142712, 12.517859213416639
10, 11.030199369178286, 11.030199370382789, 12.484036375530218, 11.030199370382789
10, 7.036611983514875, 7.6350884478766075, 7.6350884478766075, 7.588780558675301
10, 21.06118940302608, 21.807035292488973, 21.807035292488973, 21.061189405232493
10, 14.255504098085972, 17.788748432043146, 14.255504099611553, 14.255504099611553
10, 10.666293424390384, 11.958013938669108, 11.958013938669108, 10.666293424390387
10, 10.50261537233618, 10.891738002066809, 10.502615372368187, 10.502615372368187
10, 11.447968637628904, 16.469605076912547, 12.19326527033418, 12.19326527033418
10, 12.137549855036434, 16.919628133319094, 14.579388234915953, 14.579388234915953
10, 12.954087538769514, 12.954087540165535, 12.954087540165535, 12.954087540165535
10, 14.215987795664818, 14.215987795668747, 14.215987795668747, 14.215987795668747
10, 12.879767076435552, 14.869481316049711, 13.801298355935337, 12.879767076435552
10, 6.893344253024607, 8.988637452130309, 9.313865330193343, 8.274076353627134
10, 16.940449640327383, 19.441682219749623, 22.421259628797745, 16.940449640344205
10, 13.421557157219258, 14.318796365945829, 14.318796365945829, 14.318796365945829
11, 9.375744731989593, 11.211987824329196, 11.585784412189408, 11.119495479321671
11, 12.612452242950331, 15.948798781691636, 14.989936181970943, 13.814454843049482
11, 15.078378462576337, 16.531506958995674, 18.333880296919965, 16.531506958995674
11, 10.543221701062023, 14.752215921236496, 12.996980189737279, 12.794158061241975
11, 17.988592034010072, 19.037716868023878, 19.73026978002195, 17.988592034010072
11, 10.829123604907256, 14.447047570571991, 14.103077077627777, 12.091804700620777
11, 10.789263812174074, 15.847528135710967, 13.383792445389203, 12.038044666285689
11, 12.268872831612832, 18.522541117756454, 16.722999387484812, 16.722999387484812
11, 16.268499415196302, 22.29240029682619, 17.66188622913089, 17.66188622913089
11, 12.885938321733704, 19.57395704761417, 16.93327684067424, 15.293321528045817
11, 19.7174221098319, 20.587943499240176, 22.710658316221505, 20.587943499240176
11, 16.815175808509874, 18.321721986055955, 17.889067064763733, 16.960703766284563
11, 12.24787898585588, 12.959144972473517, 12.959144972473517, 12.959144972473517
11, 12.234646990764288, 13.833278986920027, 14.589556871121383, 13.833278986920027
11, 16.130347301134513, 19.560423890285158, 17.90949140767574, 17.909491407675738
11, 14.218588923489165, 16.781530388973238, 18.314432207627217, 16.302643563026688
11, 14.787429834642932, 18.326368043065063, 18.326368043065063, 18.326368043065063
11, 15.533397663841171, 24.044721681304093, 18.943240943951484, 15.533397663841154
11, 12.25864305862838, 14.435923144121704, 13.42817067929835, 13.893746767246059
11, 11.673367826757866, 14.009815026643306, 14.009815026643306, 11.673367826757865
11, 14.116341571854743, 14.940931689014937, 14.940931689014937, 14.116341573366379
11, 16.205928768136964, 19.448881720754684, 19.448881720754684, 18.05069349851997
11, 9.376810521274152, 12.012649364410441, 12.868621358859736, 10.541677033889526
11, 11.357611449568338, 13.7526976821773, 13.7526976821773, 11.686659603935354
11, 12.589962813815566, 14.562191108722262, 15.710282348097811, 14.562191108722262
11, 12.657749798125524, 15.875166942889383, 15.875166942889383, 12.745675934057967
11, 14.115334608776834, 16.732759577972917, 16.636501779954923, 16.732759577972917
11, 24.422719910034843, 26.204456287973485, 29.878727438416533, 26.204456287973485
11, 12.27025756998094, 15.313944021199063, 17.234632489367435, 13.65937643284689
11, 12.750990549810638, 16.84019306868702, 16.150729899517145, 14.595622962011973
11, 9.636482472055349, 10.555957814050418, 13.93489219589493, 10.345430043459162
11, 14.67608783606906, 21.413139361841633, 21.413139361841633, 15.900484266108544
11, 11.887465141548864, 12.517975511531999, 15.302636380097118, 11.887465142837588
11, 15.488250498578477, 18.06439870342495, 18.06439870342495, 18.06439870342495
11, 15.37586021675826, 21.807972975316492, 21.807972975316492, 20.215839391449244
11, 16.361282232501793, 22.915445021289585, 22.915445021289585, 20.513430842144196
11, 12.701109331846462, 12.840557856133167, 13.451470445794794, 12.840557856133167
11, 14.197266376855058, 16.047898688376502, 16.047898688376502, 16.0478986883765
11, 11.256078279484957, 13.23543045646613, 12.149730916315278, 11.256078279484957
11, 20.507721227309176, 23.51627855389461, 21.908046782804146, 20.50772122730918
11, 14.16005698637805, 17.819417529455503, 16.592270723771957, 15.808592288529363
11, 13.877597659253876, 16.347576174715673, 15.406740529411117, 14.652331629576702
11, 14.389927107717881, 19.37493771797726, 16.259251209306928, 15.633604040155433
11, 17.224225376354184, 22.089023111771088, 22.089023111771088, 17.22422537817662
11, 16.69545903740066, 17.205688472355178, 19.63887346520037, 16.695459037400724
11, 15.622913941756451, 17.93566970601089, 17.93566970601089, 15.622914014314757
11, 13.448769546601582, 19.575936266124742, 19.499286097100914, 14.995823373967859
11, 13.066257538630618, 16.09571308338305, 13.06625753863059, 13.06625753863059
11, 14.905668377468071, 16.820250401943607, 16.820250401943607, 16.820250401943607
11, 13.723397954556448, 18.144058166133036, 18.144058166133036, 17.857251263290827
11, 10.338988259306094, 11.586747149085678, 13.308085265101008, 11.586747149085678
11, 14.13357775245152, 17.689456882188683, 16.46026594818668, 17.689456882188683
11, 13.896399307361246, 16.25984661472013, 16.25984661472013, 14.87803120952857
11, 14.629893431599104, 19.319444817077716, 19.319444817077716, 16.567051004181028
11, 16.49852380228475, 22.2486209520937, 18.713736383721304, 16.980191737920602
11, 8.919662289252413, 10.762780393498682, 10.762780393498682, 10.474916707607123
11, 21.682746985821808, 23.52897972805779, 23.52897972805779, 22.58176086326788
11, 11.111134126852816, 12.61620687634966, 13.515729838422953, 12.61620687634966
11, 10.204384368059362, 13.685979275083175, 12.96367322296283, 11.457946702719246
11, 12.99778204956717, 13.645371964853664, 15.353937698299827, 13.292307657616902
11, 12.82222548236263, 14.123669251025412, 12.82222548236269, 13.253049525541144
11, 18.783036031749354, 22.86517516785696, 22.124445981182525, 19.87004196081725
11, 15.106629022144054, 17.81747550857763, 15.10662902214405, 15.10662902214405
11, 13.01369819222814, 18.92878490462557, 17.58042291859259, 15.916926139471004
11, 13.180645868549698, 14.653953312507653, 14.653953312507653, 14.653953312507653
11, 10.882433829771829, 12.392980310995426, 11.869763818202152, 11.86976381820215
11, 12.994467492794685, 17.996616458119195, 15.081386807281593, 15.081386807281593
11, 14.805242148163618, 18.491708034985873, 16.57199710510171, 16.257292495578668
11, 12.637273471954394, 14.652430422364876, 16.353780863862255, 13.988488757060011
11, 13.581716553049292, 14.37513612347059, 14.37513612347059, 13.581716553050716
11, 18.762756144366197, 24.099708777406956, 19.98001129712362, 18.762756144366197
11, 15.999845519663339, 18.747235820421988, 18.747235820421988, 15.999845519663378
11, 18.15213444011214, 21.415480849119533, 18.15213444011725, 18.15213444011725
11, 14.062705119238165, 16.51814319337048, 15.88268409556249, 16.51814319337048
11, 16.22062300369537, 17.951547014206877, 17.951547014206877, 16.22062300369537
11, 11.484958001148993, 14.345893117930789, 13.857890715635099, 12.281089586305834
11, 11.460026980798094, 13.105237163673886, 13.105237163673884, 11.460026982056739
11, 12.418122455250858, 12.418122455250893, 12.418122455250893, 12.418122455250893
11, 16.4634196536371, 18.04232052748269, 18.042320527482687, 18.042320527482687
11, 18.711763881340353, 21.681568348171773, 21.681568348171773, 21.681568348171773
11, 15.532889863296123, 19.815521806761215, 19.815521806761215, 19.815521806761215
11, 16.359123398656227, 18.98735012728505, 18.98735012728505, 18.98735012728505
11, 14.478026361581918, 15.643251247478512, 14.478026361582087, 14.478026361582087
11, 12.712662314223099, 17.44856297620666, 17.44856297620666, 14.266700362774507
11, 17.18038425785894, 18.058079363188856, 18.058079363188856, 18.058079363188856
11, 17.621473424847125, 17.62147342484746, 21.293661296165563, 17.62147342484746
11, 15.982598968976715, 17.022882256187106, 20.526644989620372, 16.60020781558646
11, 16.119776179883818, 19.330285334892828, 19.33028533489283, 16.119776179883885
11, 10.14368487723785, 11.040480819659912, 11.040480819659912, 10.205685212206614
11, 14.119227086639443, 14.119227088151458, 15.809418362483164, 14.119227088151458
11, 9.796509169203464, 12.010239417577932, 14.469035295324563, 12.010239417577932
11, 9.00689079296627, 10.09782932010549, 10.109635910967055, 9.006890792966317
11, 12.781640591195666, 16.229663770031404, 14.995105339839663, 12.781640591201402
11, 14.84592888177907, 15.903296551766871, 15.903296551766871, 15.903296551766871
11, 12.435125868675238, 15.957203897747043, 12.658279586176228, 12.435125868675723
11, 14.279107849412012, 16.07460652719758, 16.07460652719758, 16.07460652719758
11, 12.680316568429323, 16.173652300299523, 17.043887076011487, 15.964670641978216
11, 13.00462991221124, 13.004629913611696, 14.454838809176117, 13.004629913611696
11, 17.008574543184185, 19.812090750412054, 22.45585175390854, 19.812090750412054
11, 13.564088803322038, 16.214942596718174, 16.214942596718174, 16.214942596718174
12, 9.419918061383248, 13.410013097518771, 13.410013097518771, 11.137520303909936
12, 13.278125136968521, 19.21909675320946, 19.219096753209453, 17.522239723763764
12, 15.002223231057192, 16.416953903824492, 15.002223231064285, 16.00613903443384
12, 17.42636890879536, 18.564393380626292, 22.812546620656256, 17.42636890879525
12, 15.333230692787652, 17.2854813835736, 18.85715503599379, 15.333230692792128
12, 18.414976011292335, 23.113047130393365, 21.692154053380793, 20.96492968151532
12, 15.050110900026711, 15.448844382433181, 15.050110903434849, 15.050110903434849
12, 15.562919863000484, 20.4308148002036, 20.58583479167726, 17.785349868121617
12, 17.922316418875262, 18.672572683524752, 17.922316420767565, 17.922316420767565
12, 11.162063411288447, 12.328949779062665, 13.092983442061799, 11.223673451869315
12, 13.8926802980504, 19.183669687828505, 16.738850647131276, 16.738850647131276
12, 17.607715260010302, 21.55428968423032, 19.41414120693601, 19.294853094871073
12, 12.299521173302251, 16.35206991188316, 13.750370795528864, 12.29952117330225
12, 15.794544981080954, 20.421799948726274, 19.866838462599862, 19.609437256011798
12, 13.476975416103521, 17.72082125637147, 14.698072015363138, 15.600216462408614
12, 15.947652723549423, 16.93735558303814, 16.93735558303814, 15.947652723549423
12, 13.441832455909688, 17.73177561949691, 18.083187978291573, 13.449482610239814
12, 10.790541421658874, 12.069966819611743, 12.49753039821008, 10.79054142166436
12, 12.92593556342314, 15.509079324443803, 14.147123976458126, 14.147123976458126
12, 24.0158329521765, 29.773271310578078, 29.773271310578078, 28.678177270340942
12, 18.89033803085128, 19.046841255332488, 21.271861560825744, 18.89033803085127
12, 16.068846897825242, 21.537215559922657, 21.537215559922657, 21.537215559922654
12, 15.042880720786338, 18.36884703949241, 18.599075052700996, 15.918361563313246
12, 13.01214288382722, 20.05695148640295, 20.056951486402955, 13.012142883827218
12, 15.604108980573193, 17.986371008767527, 17.986371008767527, 16.839787885072266
12, 13.392839949509323, 19.385547066406616, 19.385547066406616, 18.43099896454128
12, 13.618884862563505, 18.577198946735532, 18.577198946735535, 17.80877016139553
12, 18.955697694403334, 19.85037049380743, 19.85037049380743, 18.955697694403337
12, 15.564187030200788, 16.201213216910457, 18.370776355303455, 15.564187030200785
12, 15.213208171293816, 25.872628570252143, 21.45363754348472, 20.2879919510463
12, 10.955287867383245, 13.238261384593173, 12.852741601188335, 10.955287867383273
12, 12.18870586978177, 15.941862156632833, 14.972645309587932, 12.906534832922905
12, 11.727787676614295, 14.717917115794306, 14.717917115794306, 12.992464302122821
12, 9.027466894006722, 13.253040810059948, 10.653843766629059, 10.297510599002063
12, 18.446544720563956, 24.578299025872806, 20.660556663824796, 20.660556663824796
12, 19.695575278855348, 22.45590658580469, 22.5869015861028, 21.675594281549863
12, 19.061431240264604, 22.291389905287847, 24.248645539722695, 20.464338953038876
12, 19.809008012642987, 20.28087705127035, 22.548836473082666, 20.28087705127035
12, 11.904309783533137, 17.52959365217916, 13.102977798696754, 13.10297779869675
12, 10.557699031559528, 12.879527215535507, 12.60296511321712, 11.817623938330513
12, 19.99203650731801, 24.695234812111693, 22.259399438104886, 19.992036507318012
12, 14.93090054085465, 20.502673254602712, 20.502673254602712, 18.283034263486105
12, 13.983962246704303, 20.421845621386833, 18.58198212878916, 16.49504083580592
12, 14.470462040191157, 18.17948325890237, 16.71147860760248, 16.08446171246572
12, 11.762557238627194, 16.184882383487516, 16.70612479378276, 16.184882383487516
12, 21.915402407118926, 23.481274143531166, 29.494360518989808, 21.91540240712405
12, 13.084519234377385, 14.945302420471078, 14.945302420471078, 14.64083677773356
12, 15.649831158388425, 18.280323504371925, 18.9021688865042, 16.58224093406632
12, 14.503123030840255, 15.9358932554393, 17.085500670280062, 15.320515467005762
12, 14.147827001159397, 18.881184584620012, 16.19962804555872, 16.19962804555872
12, 15.361275184951186, 21.883669748113284, 20.603485583881778, 16.83743776606163
12, 14.534019182102867, 16.59947362856081, 20.436714462290382, 14.936500208656406
12, 13.116149016116633, 18.615348605814926, 18.615348605814926, 15.295817028289408
12, 12.693192834509883, 13.716310688338968, 14.502252037931992, 12.858915261554648
12, 25.146522088916026, 26.908445208330352, 26.908445208330352, 25.935823799055974
12, 23.092252575479144, 32.13254093438492, 32.13254093438492, 27.01343673123004
12, 17.144191284618255, 19.34209684545926, 17.726044362081588, 17.726044362081584
12, 20.500818922243145, 20.500818924393243, 23.816855704473085, 20.50081892439324
12, 18.686153688203873, 18.68615368820387, 19.324244469443947, 18.68615368820387
12, 13.915361600525284, 13.915361600531787, 13.915361600531787, 13.915361600531787
12, 12.116815077904315, 17.175758342816735, 14.062747389426544, 14.062747389426544
12, 28.619099919344414, 31.502382659997856, 30.77428014773945, 29.570551671219352
12, 12.530383420172205, 15.25517878404764, 15.255178784047638, 14.052477322348759
12, 9.066271348211304, 12.234617319749656, 12.130811276069663, 10.660576222012486
12, 15.438738724090559, 20.909372937470422, 16.547749703277294, 15.438738724090568
12, 15.572349470283074, 17.076882520277817, 16.93324977149153, 16.933249771491525
12, 12.679455556117324, 18.66153743097702, 16.024894537959007, 16.024894537959003
12, 13.467993118921036, 18.25088153094197, 19.160399355297976, 15.995276063861944
12, 10.805304752267752, 13.945612105109689, 13.278143079193782, 13.044392047668328
12, 13.122991549179913, 16.309607355142376, 14.301601484300662, 14.036694143551143
12, 11.372351996603072, 16.547246192234212, 16.54724619223421, 15.102991827069596
12, 13.726039747947707, 16.47058326867566, 16.78005621010668, 15.851875047804963
12, 11.560251805232355, 17.221545418803668, 17.221545418803668, 14.634506943240858
12, 9.639258589484825, 11.947434893622718, 11.947434893622718, 11.33963816256358
12, 11.6945342665692, 17.566029304464276, 15.172428263998464, 13.486398674902237
12, 14.116705581132832, 15.14751502648329, 15.14751502648329, 14.116705581132834
12, 16.334924715892, 17.598108493776166, 16.334924717648864, 16.334924717648864
12, 14.451752403183571, 15.699483127118715, 19.755495852439605, 14.929055622286173
12, 14.854846829743776, 21.60974856701843, 20.596105888812446, 16.866141803384565
12, 13.689809725340647, 19.322060104467244, 19.322060104467244, 19.322060104467244
12, 11.06151700240845, 11.699750339042842, 12.82278633003867, 11.699750339042842
12, 13.77336585157458, 18.611294737457023, 17.66878838979973, 16.284281668668346
12, 14.118071327542998, 17.36857265836284, 17.36857265836284, 14.118071327543227
12, 14.843600115698296, 15.566768966553312, 19.89253429129605, 14.843600115698301
12, 9.348140075789985, 12.040789727856913, 12.270938961649062, 9.34814007579001
12, 12.216522614070296, 14.731963743805302, 17.22181734975302, 14.731963743805302
12, 11.317012223569245, 15.803331457522027, 15.295155225351813, 13.110071621728611
12, 19.518756505749483, 24.612568191002104, 21.995849031596634, 21.165176302846646
12, 11.431722853219478, 14.477620724372013, 12.453595015045519, 12.453595015045519
12, 8.135773853256362, 8.634579221673922, 8.850455969335275, 8.50652611692217
12, 12.540240046315567, 13.815768352394246, 14.755334341806833, 12.908218416607992
12, 19.090421095431868, 21.43776113418459, 23.103371517891528, 19.09042109543187
12, 17.272805934590824, 17.272805934590824, 18.173111097329798, 17.272805934590824
12, 12.702906098329109, 14.619024998460592, 14.61902499846059, 14.61902499846059
12, 13.621978266439873, 20.963811300842163, 20.963811300842163, 14.67626340106625
12, 14.081082192694439, 18.280544343460946, 18.28054434346095, 18.280544343460942
12, 11.533157592840524, 13.564907528082221, 13.564907528082221, 13.137635412660922
12, 14.261206624399097, 15.459370900094415, 15.459370900094415, 15.459370900094415
12, 11.520638843984724, 16.063292492545678, 16.049792220087827, 16.049792220087824
12, 14.656320072418435, 21.480047169187173, 21.480047169187173, 20.777831822789825
13, 14.289746112062682, 19.28637467203343, 19.40789190891293, 17.322972683819145
13, 8.188783223194926, 10.551948652622963, 10.551948652622963, 10.551948652622963
13, 13.8529799080519, 17.426312109706828, 15.618494787838248, 14.824175251468846
13, 14.007236327583747, 17.157557281674713, 14.578320142795945, 14.578320142795945
13, 18.074620038284127, 20.641828288395285, 22.943473416154426, 18.074620040694448
13, 12.152996109612507, 17.695013740689415, 15.828170491381005, 16.560456746473644
13, 12.404851403873096, 15.033716309802438, 17.975949308676356, 13.48772599097016
13, 18.65900945706605, 23.352042832972238, 21.86382419910278, 19.848171809984382
13, 11.121277288367295, 16.59963934201507, 14.670726320418076, 12.870272042338847
13, 13.92002950474265, 16.430455631472245, 14.868428205623744, 14.868428205623744
13, 11.961979095564038, 14.37239875104549, 14.37239875104549, 13.905183178935566
13, 18.69687798137546, 22.641616916872426, 20.32796562260364, 18.696877981375454
13, 13.833480994995927, 14.739212257634327, 14.739212257634327, 14.031120334885552
13, 14.283442511216002, 16.591691568454845, 17.641303920015552, 15.932349937572859
13, 16.729018328528742, 18.798472653599802, 18.798472653599802, 18.798472653599802
13, 14.836475551414747, 18.423106051463694, 19.506543908804716, 16.96995311384202
13, 11.10591288255306, 17.396896288078153, 13.393683139565741, 13.393683139565741
13, 16.528116151262957, 19.573776705278863, 21.228123697653658, 18.679034779114573
13, 11.032477324816234, 16.161690554285762, 13.893590580340677, 13.893590580340677
13, 10.788693822248579, 14.298050693300592, 15.475142082337445, 14.298050693300592
13, 15.949884195095226, 17.48995424264418, 19.533233519746844, 17.48995424264418
13, 19.937978065224655, 26.432348189382427, 26.432348189382427, 22.162604590345943
13, 22.89846131868008, 26.645560018757777, 24.163489492547434, 24.163489492547434
13, 17.025845604596952, 21.890218187970266, 23.670357234638864, 20.12768085698874
13, 11.783864744074219, 13.950136556480498, 14.899764691126288, 13.950136556480498
13, 11.901232294237952, 14.856834357702843, 14.27771285156273, 14.277712851562729
13, 12.83675824388187, 14.005367256988604, 15.163168874347734, 13.066441980750254
13, 13.410264517336499, 16.309818622018106, 17.766824212505337, 16.309818622018106
13, 13.868582711043734, 19.129078522268532, 18.388312378633756, 19.12907852226853
13, 10.110424290434985, 14.358415444768642, 15.280981317506129, 11.427494380128287
13, 10.892032108327125, 13.539807421152883, 12.773626117963676, 12.761683741556862
13, 13.480445242428548, 20.238551763579544, 25.616485723166022, 18.83806973961691
13, 15.86458675890915, 20.72738272895676, 20.72738272895676, 19.89967207208514
13, 14.162264075678408, 18.06197831905493, 15.481321824848825, 15.481321824848825
13, 13.483485588141587, 16.696026325454103, 18.538726334890633, 15.87172861238623
13, 12.720768208739385, 16.204661383272683, 15.756286667034606, 12.720768208739402
13, 16.313610347697317, 19.2827791107018, 19.2827791107018, 19.2827791107018
13, 13.263228666805679, 17.638062982164424, 13.930527757514579, 15.783509738142461
13, 11.373106393716535, 13.286485428679658, 16.508418175386044, 13.286485428679656
13, 11.648199661158307, 14.673831545488852, 14.415536464557926, 11.90649474208963
13, 11.901808110574617, 16.491333263900813, 15.660506154891857, 13.347160407806253
13, 12.5371277131162, 15.111229490723309, 15.111229490723309, 15.111229490723309
13, 11.750461961736415, 13.234969777062425, 13.234969777062425, 12.888571924979178
13, 14.587917147944115, 17.209822968197553, 17.209822968197553, 16.747918206923153
13, 14.60543117627008, 14.60543117627009, 17.869045223163063, 14.60543117627009
13, 16.830511035797024, 19.048716704483233, 17.76168212572048, 16.83051103758018
13, 15.490174414313149, 21.5159377135319, 21.5159377135319, 20.770977093168067
13, 15.373259733814386, 18.316878975469926, 15.373259735451674, 15.373259735451674
13, 15.84349687254724, 20.063616404621833, 20.063616404621833, 18.147640033013595
13, 13.98393813273448, 15.654880964220848, 14.917122718218886, 14.575724886214196
13, 13.32796015577609, 20.07726968553769, 21.211285164404913, 16.748957075547207
13, 17.524970055411778, 23.678776001639548, 23.678776001639548, 22.37258929843962
13, 16.81538064590388, 20.717928722719748, 20.717928722719748, 19.58091221245538
13, 22.09478802795499, 26.103366351426022, 26.302690213680872, 22.537517861160786
13, 16.702027876153828, 22.79774983074404, 25.950155760715575, 20.868872216437836
13, 18.335341010896293, 22.84286206709462, 20.092053457372295, 18.939034716523725
13, 20.087012304774486, 24.3498334846039, 24.349833484603902, 24.3498334846039
13, 15.879997496399874, 21.2468095191523, 18.561735614552457, 18.561735614552457
13, 15.19700675103757, 20.290131367082346, 19.57231722981289, 18.94761380857968
13, 14.916084477012543, 19.25667851918206, 19.076792687493555, 16.447381435158178
13, 9.67059191374064, 12.335383698788892, 12.335383698788892, 12.335383698788892
13, 14.57699482081287, 16.9138894485279, 21.791884607915076, 16.9138894485279
13, 10.416641510477854, 12.240471519777946, 13.943526541927854, 12.240471519777946
13, 13.362129014772819, 18.589023049314132, 17.455863854685944, 13.362129014772764
13, 16.523945727011604, 27.15946664528912, 27.15946664528912, 16.523945727011597
13, 14.6601435003809, 18.582540950308054, 17.965341181890903, 15.902259583369688
13, 12.013986945135752, 12.013986945136022, 14.844476789175886, 12.013986945136022
13, 23.04402187570182, 26.95127709292718, 24.01783565782248, 24.017835657822477
13, 19.017898811822555, 19.08493953165156, 19.08493953165156, 19.017898811822555
13, 16.216851979106295, 17.931299168762926, 20.10145237238445, 16.905936714666332
13, 11.080390889325248, 13.532067349361434, 11.08039088932528, 11.08039088932528
13, 15.589987277159693, 20.48222708790514, 23.517493181281452, 18.52089451367458
13, 9.47409834757113, 12.085455410091278, 12.085455410091278, 10.434634350464195
13, 13.122493014413456, 14.945022952062764, 14.945022952062764, 14.770441845076824
13, 13.618388203361885, 15.907146542702765, 17.097446862996442, 15.332540376068163
13, 14.477004215336386, 16.925771981125443, 16.925771981125443, 16.925771981125443
13, 9.852810528533585, 14.451658422811912, 16.46273735539344, 12.116073601537703
13, 11.655134223299642, 13.832874492649147, 16.544628397564885, 13.474835981803892
13, 18.48743844652727, 20.93307178232941, 20.93307178232941, 18.48743844652729
13, 17.520620719646125, 20.493882702852833, 22.418046270885203, 20.493882702852833
13, 22.809624397419284, 23.73993718220229, 28.806106169723414, 22.809624399801507
13, 12.66575607499864, 16.015531315500613, 16.015531315500613, 14.201025920111842
13, 13.367083783377163, 18.302723229320236, 22.604175473758552, 17.10835483016149
13, 17.68252682725281, 33.71961508454349, 35.10291837989646, 24.021815753736036
13, 12.135295136231903, 14.965201536140599, 13.172359084972234, 13.172359084972234
13, 18.51165027511311, 23.445974723909675, 23.019018786677865, 20.35833563366555
13, 16.146480603450556, 21.631918696681005, 21.631918696681005, 16.146480603450563
13, 14.815165371518274, 16.68861259766823, 16.45099035853781, 16.45099035853781
13, 15.102287212803262, 19.770634543140883, 21.08051431499392, 16.96997073549204
13, 16.203431538519833, 21.889463241524755, 21.889463241524755, 21.889463241524755
13, 13.149230671605075, 13.252251217292754, 13.252251217292754, 13.149230671605125
13, 12.547230090073526, 17.16399608880357, 17.049685168758753, 14.061585219308562
13, 11.8107528429793, 15.05076865911925, 14.50210826646336, 12.87245945481246
13, 15.977037810622784, 19.700061239413525, 17.294022701441875, 17.294022701441875
13, 12.330774205131158, 16.71595093399511, 14.750911537021512, 14.005977485396226
13, 20.009445166304342, 21.244131671173047, 21.766469787384498, 20.009445166305543
13, 11.048762082098126, 17.68563714153168, 16.358208059998002, 15.762194481720908
13, 16.400333066840115, 21.598541893519364, 18.308082484736804, 18.621714223485288
13, 15.671088453433779, 23.242619974230273, 23.24261997423027, 22.404796252761237
13, 12.482379880721577, 17.867489633352882, 18.67312315937243, 13.30984235560987
14, 17.21840869971677, 26.880442313028237, 26.015074372714775, 23.590203747462006
14, 13.867799346099428, 17.35936688339765, 22.23626963221086, 17.35936688339765
14, 15.915751928163347, 29.902637586432327, 25.17003284334342, 20.101687904470218
14, 16.62300997313712, 18.61423263410546, 20.16103953489534, 17.794080189466396
14, 11.556982107697628, 16.12944192489297, 16.5478649201448, 14.596674649733835
14, 12.73554660410319, 17.12842402009926, 16.409294362855814, 14.105014759129965
14, 12.944443741463715, 17.097245790619812, 15.154768254262132, 13.605575366131697
14, 21.651371618055837, 26.8286288746512, 26.828628874651205, 26.8286288746512
14, 23.412958493466057, 27.465293895608312, 27.069552512742675, 26.471280653186433
14, 16.851115732063494, 21.425353559908213, 20.19684876860945, 18.94854943295256
14, 17.078521918936385, 24.69251707974196, 22.748043868819412, 22.748043868819412
14, 16.016033120531496, 20.839159740211773, 20.839159740211773, 19.044206293252707
14, 12.996974062209132, 13.137902310323959, 13.994380114341356, 13.137902310323959
14, 16.050326556851417, 19.8535171399753, 20.323287416853738, 19.8535171399753
14, 25.700870874415525, 29.482398132409987, 29.482398132409987, 29.31403690906593
14, 13.59865342455343, 19.234561459396037, 17.85904353561192, 16.707044800287438
14, 16.13792943433257, 17.734231928491795, 17.734231928491795, 17.734231928491795
14, 15.713963408081154, 22.6539645199244, 22.6539645199244, 17.517426540979315
14, 12.944138366889344, 17.40720627932341, 18.052567394006427, 16.87821058414963
14, 17.51604602271031, 22.986161374707653, 21.12241826845659, 20.24755911214508
14, 14.091366666911872, 20.778593285745274, 19.98357315734116, 14.09136666888584
14, 18.418435034151774, 21.345121764379726, 22.147443329622078, 18.418435034151774
14, 13.88506386411906, 14.090450015460387, 13.885063867062472, 13.885063867062472
14, 17.76149037035133, 20.168878455928027, 18.13001068506981, 17.761490372237585
14, 11.37395555237705, 20.164163500924456, 18.73768015084054, 13.499561052852906
14, 12.479330983429374, 13.111260214836426, 14.238973871877889, 13.111260214836426
14, 12.350484373899747, 19.03654813931021, 14.957958370486658, 14.957958370486658
14, 12.33140704004826, 16.84370228689393, 16.267937181313762, 15.538990475927033
14, 18.521182314967515, 27.721661866793987, 28.870760125446065, 21.253779954859148
14, 17.295833502025822, 18.496736280794945, 18.496736280794945, 17.507762806059226
14, 15.698845453046246, 21.034982993602092, 21.034982993602092, 21.034982993602092
14, 16.377260142515453, 20.966258406070345, 21.17491476333896, 18.582352436297327
14, 19.77988692463998, 30.31616012382704, 31.30341036989571, 28.328440513542123
14, 14.65376528128074, 20.17366114928313, 24.03412117249191, 16.355781026265614
14, 10.348283167467754, 13.883273760191221, 15.281691440053716, 12.84082209213407
14, 24.13262743004241, 29.828284655433084, 28.669352666736845, 28.003477591724685
14, 19.851624306803075, 25.711759952303826, 26.41597873951975, 21.77623830123607
14, 22.6655374684627, 27.775105588216775, 27.775105588216775, 27.775105588216775
14, 17.376903004694828, 23.405046501642328, 23.405046501642328, 20.161518017079153
14, 15.50470622684384, 17.719544133533294, 18.456981126703916, 17.719544133533294
14, 14.676093033355032, 20.963910840978496, 20.963910840978492, 17.59158083846247
14, 13.46658777710923, 23.617858224257454, 22.807154715200284, 15.83863929565312
14, 12.587007907160952, 15.263380480258443, 15.020623768024532, 13.941075010126404
14, 12.85632841628991, 16.592102654109333, 16.99801077115574, 14.248949621311278
14, 10.748729138535841, 15.966664662158694, 15.88541969415377, 12.131431251569342
14, 13.434987558511851, 18.73008475217043, 18.73008475217043, 16.730549103012546
14, 19.414055695918, 20.09846899937668, 20.09846899937668, 19.41405569591811
14, 13.798977742266377, 14.112201248664087, 14.112201248664087, 14.112201248664087
14, 12.440312604728744, 16.05899543492348, 17.707886213675696, 14.730095470105761
14, 10.005132998521415, 12.686306528241547, 12.686306528241547, 11.225134935611035
14, 15.798316036576592, 17.265160201093142, 18.784741524469155, 17.265160201093135
14, 15.425860228950244, 18.351162614994927, 18.351162614994927, 18.351162614994927
14, 11.23716559496623, 13.058159738524552, 12.330546476759071, 13.058159738524552
14, 17.710634050826624, 23.089724436750334, 22.611888851937977, 22.388041767621328
14, 13.162763681534356, 15.978851920447363, 15.978851920447363, 13.162763681534399
14, 9.492235925373322, 16.2125803017747, 15.110645552406597, 12.175814665323237
14, 18.140718454271287, 26.06405262242263, 23.13695705687039, 22.14786629261617
14, 10.909172570116752, 12.442161262127946, 14.280890083614382, 12.442161262127945
14, 13.857156337872643, 17.101827690157762, 17.933361179692866, 16.51922228059239
14, 14.479731621990437, 19.12908089202866, 17.37350952193998, 17.37350952193998
14, 14.782314755584197, 15.354436596521454, 18.926233094680597, 15.354436596521454
14, 15.849021679813635, 20.300771959306577, 19.780791527651314, 19.585525614670857
14, 15.00802563491151, 18.066005750733254, 18.066005750733257, 16.874516164349494
14, 12.713075825552016, 14.132914475181774, 14.132914475181774, 14.132914475181774
14, 12.440204668328368, 24.256976290607163, 17.72348935969142, 15.529027166099963
14, 17.092581929601227, 20.96411655151857, 23.100008831867246, 19.332828529243486
14, 16.25352588111836, 18.386419468864453, 20.338890315284733, 17.339073554432254
14, 12.398677088707057, 14.032047997028489, 16.54662668829543, 12.398677088707057
14, 13.460794071081484, 16.857188917012376, 17.19765292933869, 15.987155457268333
14, 18.285167795229782, 27.246689314495427, 25.74383197031826, 23.463991168143608
14, 16.253483930735683, 19.149199205878325, 19.149199205878325, 17.317156513930943
14, 11.825923736879218, 17.65725856690511, 20.358454605003768, 13.149591255704856
14, 12.974966908335366, 15.714265105118447, 16.714135104806314, 15.15103482693863
14, 15.935834709174074, 17.71123428135571, 16.322305027029785, 15.935834709174154
14, 16.429305807866392, 25.950447217891, 20.86342954552981, 16.88320575751895
14, 11.723604820042608, 13.252041879212069, 13.010506068092033, 11.723604820042691
14, 13.19556913916267, 18.748912848419632, 18.748912848419632, 14.93039846718808
14, 13.054625786009225, 20.416753276473248, 25.213437953533802, 16.264118458571172
14, 12.465258585380399, 14.447095985324022, 17.68738668341561, 13.111722544367275
14, 12.697004959535935, 16.585880306337486, 15.649272217052083, 13.491958392746206
14, 10.232846912614823, 11.750928373752886, 12.087121066527754, 10.73151434620345
14, 12.288533679930184, 17.2941957688665, 17.69549454023448, 14.398964195532384
14, 14.647021293633538, 21.28904316817601, 19.88569676777894, 17.720299578267582
14, 13.498576193198332, 15.324895874168835, 15.65572847958865, 15.05747610112925
14, 13.694654039221357, 16.829364456147818, 18.317472419597692, 14.037524314484795
14, 12.077744880907014, 13.97721452578028, 13.97721452578028, 13.97721452578028
14, 15.874057157043262, 21.89748468089605, 17.817693128774753, 21.89748468089605
14, 17.2584569374122, 23.239725891791863, 22.012410200031137, 20.475773925931666
14, 14.386016523171469, 17.78802447366089, 19.967333959660635, 15.43519389257604
14, 13.434952137113045, 17.6678157789249, 17.6678157789249, 17.654450803271423
14, 11.020114104421785, 14.309599867726963, 13.308633499851089, 13.233880058003463
14, 14.822162934991724, 19.61900305157796, 17.5746841456573, 15.475521427667488
14, 16.76858017230724, 21.579781806713974, 21.57978180671397, 20.320406147542244
14, 16.889569038462213, 21.545389506231736, 20.83846396779246, 20.117763086293632
14, 13.804828289704783, 18.48897804679578, 17.695338673436847, 15.055895916055412
14, 14.063767670596262, 16.214578563896854, 17.56162520952835, 16.214578563896854
14, 13.84830906283374, 17.555350599254023, 17.55535059925402, 17.276072324797703
14, 14.008026072083833, 21.38781440680277, 19.241776916410593, 15.139810265451349
14, 15.524256814413825, 18.714182795405325, 18.714182795405325, 17.830062532353065
14, 16.082911077508594, 19.60638975065961, 21.746509895049996, 19.60638975065961
15, 16.882132104915758, 22.701958533038844, 23.991179743418428, 20.05917214702901
15, 18.60538182997485, 24.104158207128375, 20.64267424801586, 20.3080506102969
15, 9.56450286194836, 12.988398193414856, 12.988398193414856, 12.269341647354281
15, 18.316299848198828, 23.814790379334962, 25.674469266239566, 23.073105662512337
15, 13.69510842308753, 21.95558142347169, 21.719477687563742, 16.49053940685879
15, 12.952233720675787, 15.372931153962208, 15.372931153962206, 14.000154754461
15, 13.791362036656016, 21.851178310233912, 25.520008792088152, 21.1046407558605
15, 14.12666856323721, 18.830411884675048, 18.830411884675048, 17.21237127540018
15, 12.080238119435098, 20.391394621873285, 19.22625467658471, 16.436593487438344
15, 13.814972530804143, 18.213850291059856, 18.812652248222758, 16.506825998966388
15, 13.715691574034741, 20.205854685419734, 17.025572457494363, 15.269880136472102
15, 12.215146838665989, 16.169788376393395, 17.395309134120886, 16.169788376393395
15, 15.132463768438551, 22.554422178980413, 20.866295662790538, 20.50407288600108
15, 14.021656356722952, 24.707263531468868, 25.17223943808539, 16.751717624416937
15, 11.081092727957707, 17.573711123489, 16.187127032700413, 14.269349083728205
15, 11.507033275071299, 16.514492145413108, 16.198832364627865, 15.142355832795557
15, 14.869998864867025, 19.45669093196215, 21.879828664082904, 16.97506731604311
15, 13.85399379281179, 19.107278135179378, 19.107278135179378, 17.659189145259216
15, 14.095001601697959, 20.773298463324668, 24.100886604641396, 19.77608196649946
15, 14.236240246476479, 17.8020980657064, 17.570011968234546, 15.425053309125554
15, 16.894419002020662, 17.70555589037619, 19.056367954909724, 17.70555589037619
15, 7.465227997794261, 9.097952614375767, 8.772251003064511, 8.363146064460052
15, 17.360305742735093, 18.675578280850214, 19.85709717437064, 18.428718977335688
15, 13.956518393547363, 23.058604178319467, 17.17478236492486, 17.17478236492486
15, 14.531398490081, 20.698007609057246, 19.586455510623974, 16.752046304901654
15, 11.835429705268691, 16.267395735681728, 16.005542027729412, 14.306099796414514
15, 17.196986752299427, 22.68961842970386, 21.66996852585051, 20.97269406982919
15, 15.517745217105197, 23.231066365206274, 24.27869531997986, 16.941816086711093
15, 14.549880718154489, 22.734677433573513, 17.712169665425886, 18.811821442884394
15, 12.355487301272127, 15.454340858376941, 16.754902967596053, 15.030432552972467
15, 13.721726471523995, 17.531338454250335, 18.743194787373955, 15.378230222589753
15, 13.162793841126515, 15.684362962381224, 15.734208294325425, 13.162793841131997
15, 12.767567201511598, 16.108735814904744, 16.465875273253697, 13.798652268976118
15, 17.702375526830274, 26.250874646822037, 26.250874646822037, 21.793306519583755
15, 12.615027018397262, 15.618398440461867, 15.618398440461867, 14.265272481631754
15, 14.546837814209098, 22.699819705361104, 19.307165547917094, 18.655053691455066
15, 13.657743269440845, 20.518436348452276, 19.078371549188923, 15.030878128895885
15, 17.493834801326418, 26.022788071573004, 19.980331790363174, 18.601985369149126
15, 20.166659615119812, 28.794591034774733, 24.221920703969538, 21.723236318852965
15, 18.784284592684873, 20.95170377223926, 22.792692363971103, 19.810707855122885
15, 16.647684118311734, 23.113378324692967, 20.32276882071657, 20.32276882071657
15, 11.017311372180489, 16.973725832851915, 14.755064516116539, 13.686625970818861
15, 16.006472927394586, 18.738203927687813, 18.73820392768781, 18.578273793675244
15, 18.12730564322395, 20.63256590910577, 20.63256590910577, 18.678866994338826
15, 18.38580894023634, 24.707973490707364, 24.212474650112757, 21.992390234290752
15, 13.439088961447851, 16.046072916211678, 16.046072916211678, 14.229497400283984
15, 12.351923842924968, 17.09857148004734, 14.653490414359393, 15.863171866420128
15, 22.57309340090699, 25.248180433374287, 23.27505112284252, 23.16717812534256
15, 14.88801301890278, 21.522831123023355, 22.93056467431497, 19.794305155336993
15, 14.985565003360367, 21.40616857079565, 21.519144794086255, 17.534478464508535
15, 15.221997180142834, 21.4222647996587, 17.10362431756087, 16.268055405880588
15, 18.451533493228062, 23.540558252604704, 23.729243913062316, 22.69921704718351
15, 14.471448420884311, 19.791456466040717, 17.561382252668054, 15.033506742733115
15, 17.56812916040764, 21.38625162356805, 19.006540994272104, 17.846928694599605
15, 13.259934324400554, 17.95858569195694, 16.10021513377047, 14.789679948934918
15, 18.74217216122828, 24.979240918262864, 24.498216041871085, 22.022985282217572
15, 14.660693997447119, 22.872906395196228, 22.303989830889822, 17.44876797558569
15, 13.72950715581263, 18.132414427375057, 16.240480802425786, 16.390554733223517
15, 17.02744033488436, 27.15099637824961, 26.15170676135671, 21.324974618257542
15, 15.708775485690019, 19.074682084084035, 17.264051424916147, 15.708775487361134
15, 16.89243349053462, 24.40890480439009, 19.678880648178854, 18.929225894430754
15, 14.110148605966343, 21.479353890523775, 22.90020077238672, 20.806928118496373
15, 22.68391059010817, 23.777056508203106, 30.39550904604383, 23.3650221428156
15, 18.574720300732483, 22.229333951296418, 21.33236185918134, 19.79836357528668
15, 17.170135071112835, 23.01516131943361, 23.01516131943361, 20.66906987700871
15, 18.955339651193206, 19.356724978119825, 19.356724978119825, 19.356724978119825
15, 12.506878288944572, 20.723907981202192, 19.1787013292749, 14.844810268712784
15, 17.080150473300705, 22.94836053120805, 19.343997543689337, 17.936561699764642
15, 11.943854928918054, 19.050324676648373, 18.813454882689467, 15.642440369403742
15, 13.031675686955943, 17.963595197384816, 15.128034904666134, 15.128034904666134
15, 14.803710378282194, 20.403044456143785, 19.738537037282807, 18.27505637705176
15, 12.46640866192993, 19.913248203744946, 16.189942661371823, 16.189942661371823
15, 17.368157497619432, 18.237485603124124, 18.65335660632109, 17.36815775043194
15, 10.471398142692488, 15.049940246874566, 20.1304147830436, 12.194693492790714
15, 14.484897674062243, 18.511456242667155, 17.98263918803945, 16.034572968166753
15, 12.995354040816363, 21.140976860717263, 21.32294490715032, 14.329617453036645
15, 16.26584166152356, 18.704712458634955, 18.704712458634955, 18.704712458634955
15, 14.39266080514004, 18.105059480956612, 18.105059480956612, 16.881623917347888
15, 11.126752614951794, 16.37213729547603, 13.18727661588952, 14.241763724089804
15, 22.41623819513979, 27.095369508653036, 27.095369508653036, 25.44705400402011
15, 28.10203784007237, 33.995380553101306, 33.995380553101306, 32.44204086899477
15, 13.399617856462433, 15.451594111342413, 15.451594111342413, 15.451594111342413
15, 17.06127236105781, 28.170615403340825, 18.608242287254576, 18.854082516542874
15, 15.7856865916509, 20.32623252914785, 18.736862583490204, 20.273468140653485
15, 12.067251421131155, 20.080105843644276, 19.532270112866, 15.385204491516502
15, 14.818395704103592, 19.168895777023103, 19.8783128380827, 15.318234374590476
15, 21.637026415596452, 27.26722313212773, 26.79994974449412, 22.74157423828831
15, 14.748874963069172, 16.659146926452948, 20.193039726147845, 16.37878925304521
15, 14.323476475065743, 21.45765265502429, 20.95798772524798, 17.178096405718115
15, 15.394189580390325, 17.50094294963194, 17.50094294963194, 17.50094294963194
15, 15.591164238709181, 23.006591536934145, 21.79968375614537, 20.484038448698755
15, 14.855959264940612, 19.75543114978507, 20.50758609632675, 16.506615485636758
15, 22.377966489234645, 26.054164849156237, 26.619910886474496, 23.099144473739955
15, 15.231608875450753, 26.244491994252098, 21.821199728050797, 19.941330475597063
15, 9.681134417679655, 12.610735419082634, 13.20576570726954, 10.85848180618354
15, 10.54008607598463, 13.437616004679356, 15.144112489032418, 12.847518498566954
15, 22.07012814035778, 24.433612336721637, 23.912327296529845, 23.912327296529845
15, 16.09340679409308, 25.495673700839454, 21.205799727886454, 18.320866069841728
15, 16.65041166772617, 24.57721663168665, 21.184453999407474, 19.586354810186002
15, 15.940715042488396, 20.56252942012022, 22.80574853529243, 16.567149159233658
16, 11.458324804168045, 15.00058164886329, 15.00058164886329, 12.843454327587873
16, 17.65627688688089, 23.7466071670208, 22.562253721645252, 19.087729698529245
16, 18.90683404891933, 24.568969058160324, 23.738868959689604, 21.712438988973993
16, 13.229234479367493, 20.929985304093453, 17.293778793491793, 16.47272363627185
16, 13.395684284728745, 19.237954819705642, 18.70365572671883, 16.033536884400757
16, 10.386810176276537, 12.201788107955187, 12.126453078361767, 10.57233685952454
16, 12.920814437568213, 18.236482785628045, 18.111104885249894, 15.499439901004106
16, 12.481028131406495, 16.192151031555387, 15.422078785482146, 15.422078785482146
16, 14.420534175975948, 23.539955636378167, 22.281076076062817, 20.59183051863443
16, 10.86672932526673, 16.175027518500297, 15.487426800986789, 12.333320561334727
16, 15.684350630678805, 21.753311338406185, 21.977453453448437, 17.872808637248813
16, 15.642183574335213, 22.82960044615295, 22.6649679162324, 16.422339665188087
16, 18.916464549400736, 21.842331885187228, 26.211120620516937, 20.3043320816506
16, 13.580578062318363, 19.451015081377104, 21.69993393744436, 18.692040682953326
16, 18.342602275994313, 22.98419113917725, 23.55729539021539, 19.96167368651779
16, 18.850260599279373, 22.08449804341784, 22.08449804341784, 20.89748710085803
16, 19.61259255226614, 26.037220751523904, 26.97760916470959, 22.29819319791614
16, 16.077023342535618, 22.471452061070135, 22.294326941161664, 20.77429897348824
16, 13.810631127917164, 19.667031456377437, 21.22109412528839, 16.586699888718687
16, 13.381556773270088, 15.191385343449957, 15.191385343449957, 13.381556774708896
16, 12.886754064870138, 17.30660083892963, 19.2211875655258, 16.085628280290674
16, 13.528827083336607, 21.562266677070966, 16.89107818355668, 16.89107818355668
16, 16.2015407470325, 18.73540542765772, 18.73540542765772, 17.798091065355415
16, 15.449339777073234, 19.071811776979114, 19.071811776979114, 19.071811776979114
16, 18.120289825334144, 22.457792722575956, 21.396355328242887, 21.089469359158098
16, 15.870146381542545, 19.55951732262439, 22.570104578591515, 19.037767849619843
16, 19.247795346262883, 24.169313440973138, 24.227999068673114, 22.342886642542933
16, 14.065100390571821, 19.371015581598467, 22.746669826912495, 18.047970422817695
16, 13.416460914816145, 18.348699360886904, 18.490397489017816, 17.629431655934983
16, 16.309366802816307, 24.99609908693655, 20.210728193291196, 19.027226225908436
16, 14.17123361917743, 16.05510004994482, 14.70872047796312, 14.171233620695638
16, 16.169255832274327, 25.516268132494034, 19.51330954560365, 17.550438944073505
16, 16.736222429022728, 21.35006520751626, 24.69901586216558, 18.571557841344454
16, 14.846336934134785, 23.447961500626207, 21.172377911665876, 17.6972825124601
16, 18.44982927266622, 21.67608976993888, 21.029145232802026, 20.174278249577718
16, 18.56939023440291, 19.74878545031445, 22.022366036311087, 19.3505728036188
16, 15.513987962187043, 22.47236690285921, 22.47236690285921, 19.144239632380664
16, 14.460428907188637, 19.226071887065107, 19.3436866469298, 16.997581588244014
16, 14.940538340824927, 21.536961527611574, 19.65878357125335, 19.65878357125335
16, 12.183661818712316, 17.79728516171708, 17.23495555589761, 13.731766966604937
16, 18.174854230962524, 21.301225019025264, 20.497218351795226, 20.497218351795226
16, 11.841294632261931, 17.04095037581776, 14.316789258587196, 13.817134449687329
16, 13.209577834983273, 22.681230441527116, 20.410498911978966, 20.410498911978966
16, 14.450244311841749, 18.408251275239756, 19.147883687398668, 18.408251275239756
16, 17.300977533601873, 26.965011162615244, 26.965011162615244, 22.466559334495596
16, 11.099245849749824, 16.352938803596405, 18.342538462498506, 13.300258419337931
16, 11.352599154669939, 17.478812373604875, 16.814595932453347, 13.606598739163779
16, 10.494826408615982, 19.052102983052077, 16.47334152619349, 13.910142799564518
16, 15.518891342734953, 24.159975321071805, 20.269898330020105, 19.840093079712414
16, 14.468888471073827, 18.049680667914387, 23.656982347426776, 18.049680667914387
16, 13.878516869726333, 24.435396656705116, 24.435396656705116, 17.146625356265016
16, 15.126819806752618, 22.281556736500285, 21.781095316799853, 18.854396727479312
16, 16.087072214623145, 24.471499891128573, 19.049060379163848, 18.184101637165195
16, 17.31296051629795, 21.585302085903297, 20.186189883646037, 19.24947479524224
16, 13.929775634563644, 17.38505632229198, 18.888785553199522, 14.110881206199135
16, 14.924650661474896, 19.75920124344958, 22.112487294005028, 18.251257901163473
16, 14.893411013849144, 24.08240969551731, 20.276273946186006, 15.423883035077658
16, 22.17969694314554, 27.485391047407944, 28.34454982996966, 25.826144934545994
16, 15.750881708481895, 18.49532449334511, 24.51865498283263, 18.078140584954678
16, 15.00457423086361, 21.36499217530361, 20.522859491760602, 17.95164624114315
16, 15.461353691178598, 21.093586382142508, 21.093586382142508, 18.4921413028356
16, 10.95111149330478, 17.913360420841332, 16.193388719398165, 13.829805617666343
16, 13.197680091934352, 15.366063826270596, 17.316480220009428, 14.861343099058876
16, 15.00214803381021, 18.68329112544032, 20.889106062174744, 16.139301823810605
16, 14.610422025012927, 15.895283057737057, 15.895283057737057, 15.83565912962235
16, 18.75589883466224, 27.412331986375804, 27.053150925288296, 19.48750877075291
16, 14.253116301027024, 24.45962673483246, 18.224011107051602, 16.740909523662854
16, 16.748769894505063, 17.242829983356597, 18.641808978313986, 17.242829983356597
16, 12.845268594235762, 17.314131588201896, 16.85335739223666, 14.83639575931906
16, 14.36271906654668, 23.508187838327274, 21.949849451930415, 17.786938993765688
16, 17.515642431229427, 24.406641732931295, 21.20078076743773, 20.346832522240963
16, 16.41757421081182, 29.92658195856804, 25.763727957765962, 23.662347205598266
16, 13.971016374136942, 18.741309695488788, 18.15679455927985, 18.15679455927985
16, 16.163292687703567, 25.38153461958355, 25.38153461958355, 20.6809224324263
16, 17.149941575928402, 27.677164718691696, 27.6771647186917, 27.677164718691696
16, 21.304319739578403, 23.285229329105054, 24.16413548289282, 21.304319741809184
16, 15.254926574778437, 19.854396338513915, 22.22664804839173, 16.815267293072225
16, 14.655751695362369, 22.0997442242537, 18.55628337981609, 17.480544284103708
16, 19.349707805572102, 26.57923911184687, 27.76992340349239, 26.153972770879786
16, 15.725194965232006, 23.849060302075785, 18.73795054807787, 19.230996266249797
16, 16.49656384117402, 25.375346294904773, 24.53557611851813, 16.982425577228057
16, 13.487150351299006, 18.216791215376006, 17.554265048720353, 14.763476596435959
16, 13.29256079304823, 17.46901867807606, 18.081982057541957, 13.61285865384014
16, 19.971892455412323, 27.32661971352077, 25.443815937651515, 22.903241782551035
16, 17.62301243808026, 26.313826776050274, 22.441246937930302, 19.63621551315578
16, 14.579391174971471, 24.660075901982854, 16.940778578502805, 16.905213554271114
16, 13.087604748843903, 22.53079500542718, 20.42194904150976, 17.169233124696806
16, 13.051060716677505, 20.49358902874665, 20.49358902874665, 17.002780075467626
16, 14.677618401804581, 20.217956231337546, 19.954592700127424, 19.03257668953256
16, 11.700793237502435, 15.339657760522625, 15.339657760522625, 13.344204590070639
16, 16.225181091299508, 23.51275594239541, 23.212593621527034, 21.354840302944552
16, 19.64113607073536, 28.83185600407986, 28.83185600407986, 27.362691756230195
