ExhaustiveStarScheduler, TercioScheduler, 
2, 21.669134507633114, 21.669134507633114, 
2, 21.0707110664134, 21.0707110664134, 
2, 20.986691018268104, 20.986691018268104, 
2, 20.903422946191, 20.903422946191, 
2, 21.159145887339626, 21.159145887339626, 
2, 20.803727575377092, 20.803727575377092, 
2, 20.969284417964644, 20.969284417964644, 
2, 21.18956420821469, 21.18956420821469, 
2, 21.714737601198827, 21.714737601198827, 
2, 21.238545833639108, 21.238545833639108, 
2, 20.923132912397733, 20.923132912397733, 
2, 21.084403114217004, 21.084403114217004, 
2, 20.49412494892664, 20.49412494892664, 
2, 20.443492716184387, 20.443492716184387, 
2, 21.15111863611249, 21.15111863611249, 
2, 20.978709825486426, 20.978709825486426, 
2, 21.585497169537856, 21.585497169537856, 
2, 20.4744555420679, 20.4744555420679, 
2, 21.176167390768022, 21.176167390768022, 
2, 20.787111083856196, 20.787111083856196, 
2, 21.667234988128595, 21.667234988128595, 
2, 21.328305322652994, 21.328305322652994, 
2, 20.686622160020104, 20.686622160020104, 
2, 20.926552999124603, 20.926552999124603, 
2, 20.256109300937332, 20.256109300937332, 
2, 20.602876864210014, 20.602876864210014, 
2, 21.80192916782682, 21.80192916782682, 
2, 21.899552273075667, 21.899552273075667, 
2, 20.16977799602322, 20.16977799602322, 
2, 21.750078155589094, 21.750078155589094, 
2, 20.658636405671277, 20.658636405671277, 
2, 21.238090295216416, 21.238090295216416, 
2, 21.324631973906126, 21.324631973906126, 
2, 20.8827346089249, 20.8827346089249, 
2, 20.316704658503767, 20.316704658503767, 
2, 21.335468629922055, 21.335468629922055, 
2, 20.871407273280624, 20.871407273280624, 
2, 20.86463823291824, 20.86463823291824, 
2, 20.98613104430452, 20.98613104430452, 
2, 20.521417378915004, 20.521417378915004, 
2, 20.441129494597313, 20.441129494597313, 
2, 20.85914825828063, 20.85914825828063, 
2, 20.573885067267057, 20.573885067267057, 
2, 21.595359352143188, 21.595359352143188, 
2, 20.66789913603803, 20.66789913603803, 
2, 20.097118813068107, 20.097118813068107, 
2, 20.551157095195137, 20.551157095195137, 
2, 20.929986696399553, 20.929986696399553, 
2, 20.882934226323364, 20.882934226323364, 
2, 21.10337809488146, 21.10337809488146, 
2, 21.140919484630793, 21.140919484630793, 
2, 21.14515013069444, 21.14515013069444, 
2, 20.663609983020898, 20.663609983020898, 
2, 20.638224738315152, 20.638224738315152, 
2, 20.825800055690152, 20.825800055690152, 
2, 20.352060520159903, 20.352060520159903, 
2, 21.144945541854256, 21.144945541854256, 
2, 20.6017854296051, 20.6017854296051, 
2, 21.176268110322198, 21.176268110322198, 
2, 20.967803131212683, 20.967803131212683, 
2, 21.41469952893499, 21.41469952893499, 
2, 21.008685582514712, 21.008685582514712, 
2, 20.999133053595052, 20.999133053595052, 
2, 20.700145320601443, 20.700145320601443, 
2, 21.42391359304954, 21.42391359304954, 
2, 21.03303207708141, 21.03303207708141, 
2, 20.806355275283174, 20.806355275283174, 
2, 21.50277011008143, 21.50277011008143, 
2, 20.45498147854616, 20.45498147854616, 
2, 21.12370877647934, 21.12370877647934, 
2, 21.604169917604096, 21.604169917604096, 
2, 21.100539125952004, 21.100539125952004, 
2, 21.370392569415806, 21.370392569415806, 
2, 21.189984345161136, 21.189984345161136, 
2, 21.002522649936353, 21.002522649936353, 
2, 21.08544543363838, 21.08544543363838, 
2, 21.666517457719255, 21.666517457719255, 
2, 20.85743269610426, 20.85743269610426, 
2, 21.644818404192797, 21.644818404192797, 
2, 21.58259596065364, 21.58259596065364, 
2, 21.34069385980662, 21.34069385980662, 
2, 20.325059086660794, 20.325059086660794, 
2, 20.95798225128548, 20.95798225128548, 
2, 20.886619373054508, 20.886619373054508, 
2, 20.251402705833936, 20.251402705833936, 
2, 21.10737983244921, 21.10737983244921, 
2, 21.222833148838998, 21.222833148838998, 
2, 21.268367788112727, 21.268367788112727, 
2, 21.148839087462584, 21.148839087462584, 
2, 20.810211418047917, 20.810211418047917, 
2, 20.371613080186613, 20.371613080186613, 
2, 21.35193104903582, 21.35193104903582, 
2, 20.388233981246692, 20.388233981246692, 
2, 21.358909835160386, 21.358909835160386, 
2, 21.664768997223465, 21.664768997223465, 
2, 20.061963174307014, 20.061963174307014, 
2, 21.31851321210663, 21.31851321210663, 
2, 21.26031894505299, 21.26031894505299, 
2, 20.790697326149505, 20.790697326149505, 
2, 21.14132171180124, 21.14132171180124, 
3, 31.784941617673134, 31.784941617673134, 
3, 31.462429772312717, 31.462429772312717, 
3, 31.70937979765356, 31.70937979765356, 
3, 31.903360971676634, 31.903360971676634, 
3, 26.915060778426067, 26.915060778426067, 
3, 22.08299655696812, 22.08299655696812, 
3, 28.492614942830542, 28.492614942830542, 
3, 21.925554224939802, 21.925554224939802, 
3, 23.78273113166435, 23.78273113166435, 
3, 31.127085179838524, 31.127085179838524, 
3, 22.987887375742027, 22.987887375742027, 
3, 31.74612021561645, 31.74612021561645, 
3, 22.23894039321867, 22.23894039321867, 
3, 31.418049718649346, 31.418049718649346, 
3, 30.663834899431073, 30.663834899431073, 
3, 31.650669565990782, 31.650669565990782, 
3, 22.433309844864006, 22.433309844864006, 
3, 31.248028590242814, 31.248028590242814, 
3, 25.690491878283858, 25.690491878283858, 
3, 21.294220940294316, 21.294220940294316, 
3, 31.29067695759613, 31.29067695759613, 
3, 25.00888677887413, 25.00888677887413, 
3, 31.719068348130918, 31.719068348130918, 
3, 23.235027908230414, 23.235027908230414, 
3, 31.65702825009084, 31.65702825009084, 
3, 21.62910756624056, 21.62910756624056, 
3, 20.88941315721486, 20.88941315721486, 
3, 20.559993753494318, 20.559993753494318, 
3, 31.62803371302407, 31.62803371302407, 
3, 23.12399392582389, 23.12399392582389, 
3, 32.62264269127175, 32.62264269127175, 
3, 31.329011951828175, 31.329011951828175, 
3, 30.30644751243947, 30.30644751243947, 
3, 20.300253317602547, 20.300253317602547, 
3, 31.46578107041333, 31.46578107041333, 
3, 23.726134605281665, 23.726134605281665, 
3, 24.10822396390993, 24.10822396390993, 
3, 30.911124930806054, 30.911124930806054, 
3, 25.972931810641256, 25.972931810641256, 
3, 25.376764268065582, 25.376764268065582, 
3, 31.683680358201187, 31.683680358201187, 
3, 21.94481312883463, 21.94481312883463, 
3, 30.86271998191514, 30.86271998191514, 
3, 27.317818501570997, 27.317818501570997, 
3, 20.983383601713445, 20.983383601713445, 
3, 31.251210629072602, 31.251210629072602, 
3, 20.947256499776802, 20.947256499776802, 
3, 24.61226169647589, 24.61226169647589, 
3, 28.24371018964585, 28.24371018964585, 
3, 30.919054908179476, 30.919054908179476, 
3, 31.637797512800145, 31.637797512800145, 
3, 21.156677731440947, 21.156677731440947, 
3, 30.384555714471233, 30.384555714471233, 
3, 31.682640595511423, 31.682640595511423, 
3, 31.0376277901552, 31.0376277901552, 
3, 23.343198814101882, 23.343198814101882, 
3, 31.151302834555167, 31.151302834555167, 
3, 23.99581280932943, 23.99581280932943, 
3, 31.704285349970156, 31.704285349970156, 
3, 31.3198908355739, 31.3198908355739, 
3, 22.695223443799033, 22.695223443799033, 
3, 31.386270924442854, 31.386270924442854, 
3, 26.092641413542516, 26.092641413542516, 
3, 20.955315862462903, 20.955315862462903, 
3, 31.461381379224825, 31.461381379224825, 
3, 28.812951922710305, 28.812951922710305, 
3, 31.44623860641532, 31.44623860641532, 
3, 30.51412386419687, 30.51412386419687, 
3, 31.57943931976527, 31.57943931976527, 
3, 31.42640422010631, 31.42640422010631, 
3, 21.228580324015265, 21.228580324015265, 
3, 31.52906966474995, 31.52906966474995, 
3, 22.8009681896349, 22.8009681896349, 
3, 31.521067871947956, 31.521067871947956, 
3, 21.557677789882447, 21.557677789882447, 
3, 28.471645517004518, 28.471645517004518, 
3, 25.53953316898807, 25.53953316898807, 
3, 28.033473497949302, 28.033473497949302, 
3, 25.360273656136236, 25.360273656136236, 
3, 31.737626306037388, 31.737626306037388, 
3, 31.68459894115304, 31.68459894115304, 
3, 21.30765099826596, 21.30765099826596, 
3, 30.691993991202057, 30.691993991202057, 
3, 24.149342413113608, 24.149342413113608, 
3, 21.870161921550654, 21.870161921550654, 
3, 21.311977153216127, 21.311977153216127, 
3, 31.208033623642475, 31.208033623642475, 
3, 24.085009696510845, 24.085009696510845, 
3, 23.695403305549362, 23.695403305549362, 
3, 23.454789403606227, 23.454789403606227, 
3, 30.729104137615884, 30.729104137615884, 
3, 21.65130233675447, 21.65130233675447, 
3, 21.734849975040817, 21.734849975040817, 
3, 31.803470057401086, 31.803470057401086, 
3, 26.002242055972253, 26.002242055972253, 
3, 32.09247946740385, 32.09247946740385, 
3, 21.757818699474207, 21.757818699474207, 
3, 31.338596716308686, 31.338596716308686, 
3, 22.2092762129494, 22.2092762129494, 
3, 27.674883358560386, 27.674883358560386, 
4, 35.78593724881303, 35.78593724881303, 
4, 41.98257182547448, 41.98257182547448, 
4, 32.40443043005824, 32.40443043005824, 
4, 31.43067427599084, 31.43067427599084, 
4, 32.2064820564923, 32.2064820564923, 
4, 34.10758604868897, 34.10758604868897, 
4, 25.092251765090133, 25.092251765090133, 
4, 31.337497442327518, 31.337497442327518, 
4, 30.881717512046933, 30.881717512046933, 
4, 22.142284066941443, 22.142284066941443, 
4, 31.39538597341387, 31.39538597341387, 
4, 31.666923503020794, 31.666923503020794, 
4, 36.289382003525745, 36.289382003525745, 
4, 31.131257258639216, 31.131257258639216, 
4, 42.138132292339, 42.138132292339, 
4, 31.841859211560216, 31.841859211560216, 
4, 31.73770044329426, 31.73770044329426, 
4, 31.217561767321577, 31.217561767321577, 
4, 41.4413433033596, 41.4413433033596, 
4, 31.076315304982458, 31.076315304982458, 
4, 42.11256956314476, 42.11256956314476, 
4, 27.167575047624208, 27.167575047624208, 
4, 39.4516466719174, 39.4516466719174, 
4, 31.927756421309535, 31.927756421309535, 
4, 30.879856765640888, 30.879856765640888, 
4, 33.79911209220906, 33.79911209220906, 
4, 32.13406471986109, 32.13406471986109, 
4, 31.210456947220365, 31.210456947220365, 
4, 37.06662570359384, 37.06662570359384, 
4, 31.133245403186805, 31.133245403186805, 
4, 31.54416658347501, 31.54416658347501, 
4, 31.886589948464454, 29.82038233900272, 
4, 32.03422392133065, 32.03422392133065, 
4, 30.417089690042143, 30.417089690042143, 
4, 30.574074229784394, 30.574074229784394, 
4, 31.06659288235268, 31.06659288235268, 
4, 31.062169580250966, 31.062169580250966, 
4, 23.64693555160369, 23.64693555160369, 
4, 27.132702509885668, 27.132702509885668, 
4, 36.46891505895947, 36.46891505895947, 
4, 23.685275487528113, 23.685275487528113, 
4, 41.94050268394317, 41.94050268394317, 
4, 31.209902380918173, 31.209902380918173, 
4, 30.859428789616235, 30.859428789616235, 
4, 31.852860596826623, 31.852860596826623, 
4, 42.76590444433509, 42.76590444433509, 
4, 42.36988117622241, 42.36988117622241, 
4, 42.26525995556074, 42.26525995556074, 
4, 30.814577035845915, 30.814577035845915, 
4, 31.4184041778514, 31.4184041778514, 
4, 31.686714551872143, 31.686714551872143, 
4, 31.32490189636311, 31.32490189636311, 
4, 31.480416342833045, 31.480416342833045, 
4, 31.48124939629077, 31.48124939629077, 
4, 31.97358309824468, 31.97358309824468, 
4, 34.82008532382992, 34.82008532382992, 
4, 25.412348781899944, 25.412348781899944, 
4, 31.347556180444236, 31.347556180444236, 
4, 42.3534843374894, 42.3534843374894, 
4, 41.2389363425699, 41.2389363425699, 
4, 31.3021763190956, 31.3021763190956, 
4, 31.430454831414522, 31.430454831414522, 
4, 31.62435493180417, 31.62435493180417, 
4, 31.13490891328157, 31.13490891328157, 
4, 41.616092403701074, 41.616092403701074, 
4, 31.378900825443857, 31.378900825443857, 
4, 42.03345652673098, 42.03345652673098, 
4, 32.163264735237824, 32.163264735237824, 
4, 42.50581551934032, 42.50581551934032, 
4, 41.78044825831399, 41.78044825831399, 
4, 32.83140540780577, 32.83140540780577, 
4, 31.228830223960617, 31.228830223960617, 
4, 42.71688067738398, 42.71688067738398, 
4, 31.252434065088416, 31.252434065088416, 
4, 31.522096300173278, 31.522096300173278, 
4, 31.12261087214368, 31.12261087214368, 
4, 30.961433284369832, 30.961433284369832, 
4, 30.96999028423293, 30.96999028423293, 
4, 32.14291543749045, 32.14291543749045, 
4, 42.687502545375594, 42.687502545375594, 
4, 31.1565888939428, 31.1565888939428, 
4, 33.99053517046136, 33.99053517046136, 
4, 31.40952005073296, 31.40952005073296, 
4, 42.718435988963336, 42.718435988963336, 
4, 31.96764988279262, 31.96764988279262, 
4, 31.454869112767057, 31.454869112767057, 
4, 37.1177719164506, 37.1177719164506, 
4, 29.502763540627647, 29.502763540627647, 
4, 31.799976853048438, 31.799976853048438, 
4, 30.19540158128376, 30.19540158128376, 
4, 30.681794230153137, 30.681794230153137, 
4, 33.70696273398097, 33.70696273398097, 
4, 43.528560323307474, 43.528560323307474, 
4, 22.37019630611804, 22.37019630611804, 
4, 42.62125778722465, 42.62125778722465, 
4, 30.88375458348954, 30.88375458348954, 
4, 31.215043217830274, 31.215043217830274, 
4, 31.814426494414008, 31.814426494414008, 
4, 31.881542732865775, 31.881542732865775, 
4, 31.567367113450402, 31.567367113450402, 
5, 44.86127540651277, 44.86127540651277, 
5, 35.06927300538387, 35.06927300538387, 
5, 31.317620641038864, 31.317620641038864, 
5, 33.766660907935275, 33.766660907935275, 
5, 31.616656184104727, 31.288332842551505, 
5, 42.391347548364905, 42.391347548364905, 
5, 41.46899665964175, 41.46899665964175, 
5, 32.906669268029745, 32.906669268029745, 
5, 36.938870845085496, 32.04910397400592, 
5, 42.688229175726406, 42.688229175726406, 
5, 31.785170510322608, 31.785170510322608, 
5, 31.883912113240207, 31.540882352626145, 
5, 32.51889476282631, 31.756895438543594, 
5, 40.52686639730201, 40.52686639730201, 
5, 30.891149081589692, 30.891149081589692, 
5, 32.91601615533755, 32.91601615533755, 
5, 33.557437418092576, 33.557437418092576, 
5, 37.76687951567804, 37.76687951567804, 
5, 31.477555165416458, 31.477555165416458, 
5, 41.862743660272415, 41.862743660272415, 
5, 31.225927140213887, 31.225927140213887, 
5, 31.931612881871526, 31.931612881871526, 
5, 41.669419301728865, 41.669419301728865, 
5, 41.22227582616859, 41.22227582616859, 
5, 41.354901711371724, 41.354901711371724, 
5, 36.524620117795465, 35.41835540156533, 
5, 42.29597108754041, 42.29597108754041, 
5, 41.08042255577348, 41.08042255577348, 
5, 41.037980623072364, 41.037980623072364, 
5, 31.17074654177234, 31.17074654177234, 
5, 30.943894142640623, 30.943894142640623, 
5, 31.12216461659957, 31.12216461659957, 
5, 31.855329742864598, 31.855329742864598, 
5, 41.66428784359863, 41.66428784359863, 
5, 32.74471753011292, 32.591631462415165, 
5, 41.98820814814787, 41.98820814814787, 
5, 41.77298566483904, 41.77298566483904, 
5, 47.925675994032005, 47.925675994032005, 
5, 36.53345335207024, 31.679868905799104, 
5, 42.81468389826632, 42.81468389826632, 
5, 41.61697562833274, 41.61697562833274, 
5, 31.149999241206395, 31.149999241206395, 
5, 41.37995873973695, 41.37995873973695, 
5, 44.05896231409527, 44.05896231409527, 
5, 31.037768503874606, 31.037768503874606, 
5, 42.99149866877238, 42.99149866877238, 
5, 31.61831121164901, 31.61831121164901, 
5, 41.05385837256878, 41.05385837256878, 
5, 42.316878376117025, 42.316878376117025, 
5, 31.315038774187585, 31.315038774187585, 
5, 41.935237768038334, 41.935237768038334, 
5, 39.15128009028015, 39.15128009028015, 
5, 43.32103851877386, 43.32103851877386, 
5, 34.7921776931998, 34.7921776931998, 
5, 37.81871586317514, 37.81871586317514, 
5, 51.95195056361416, 51.95195056361416, 
5, 45.75508944891493, 45.75508944891493, 
5, 36.20663839342113, 36.20663839342113, 
5, 42.89660254812972, 42.89660254812972, 
5, 33.04335305796913, 33.04335305796913, 
5, 34.154088375159226, 31.946562585177304, 
5, 41.5698604382661, 41.5698604382661, 
5, 31.193940907775662, 31.193940907775662, 
5, 51.980928309869554, 51.980928309869554, 
5, 38.65282728584722, 32.506473840516556, 
5, 32.288956809901656, 32.288956809901656, 
5, 36.80583710845356, 36.80583710845356, 
5, 39.76256333602914, 39.76256333602914, 
5, 31.357695686218577, 31.357695686218577, 
5, 32.78434272300616, 32.78434272300616, 
5, 43.765517112796765, 43.765517112796765, 
5, 41.67152924572585, 41.67152924572585, 
5, 32.24208549450911, 32.24208549450911, 
5, 30.816245128313682, 30.816245128313682, 
5, 35.390752886624185, 35.390752886624185, 
5, 39.4591563316182, 37.09609899627936, 
5, 35.00028484868128, 32.24941499685349, 
5, 32.06488856790233, 31.372651197984847, 
5, 39.53634547150614, 39.53634547150614, 
5, 42.291162167133905, 42.291162167133905, 
5, 32.87914706900126, 32.87914706900126, 
5, 42.94835003924664, 42.94835003924664, 
5, 43.30766927347176, 43.30766927347176, 
5, 42.48413911237267, 42.48413911237267, 
5, 42.16917436706963, 42.16917436706963, 
5, 33.30252868312827, 33.30252868312827, 
5, 41.263196793699926, 41.263196793699926, 
5, 31.45053019626085, 31.45053019626085, 
5, 35.33317649705769, 35.33317649705769, 
5, 36.83730100187522, 31.680503129554836, 
5, 35.23582569841199, 35.23582569841199, 
5, 41.483966920922796, 41.483966920922796, 
5, 31.747901593926684, 31.631225321465315, 
5, 39.01555371664527, 39.01555371664527, 
5, 35.68747842432535, 35.68747842432535, 
5, 41.57575599607196, 41.57575599607196, 
5, 38.67547770173172, 38.67547770173172, 
5, 33.0588502619265, 32.8261666480733, 
5, 31.22222210217342, 31.22222210217342, 
5, 51.33803862441099, 51.33803862441099, 
6, 41.67802256989515, 41.52992250922968, 
6, 39.537492648255736, 39.537492648255736, 
6, 41.574673623270776, 39.237875770164976, 
6, 52.7596782910091, 52.7596782910091, 
6, 41.75445243110429, 35.41193019785893, 
6, 41.936009737502886, 41.33006552542072, 
6, 52.5078829062279, 52.5078829062279, 
6, 39.16293635080262, 39.16293635080262, 
6, 36.6798413646838, 36.396695445191604, 
6, 34.42507568035509, 34.42507568035509, 
6, 40.65000295443076, 40.65000295443076, 
6, 50.8537798052204, 42.370318071511306, 
6, 42.30707673834999, 42.065985010599015, 
6, 48.432055418904156, 48.432055418904156, 
6, 50.67079081297938, 50.46936644887142, 
6, 41.42179084614199, 41.42179084614199, 
6, 41.67193573275027, 34.50476700399902, 
6, 35.12330732245495, 35.12330732245495, 
6, 35.41840302058709, 35.41840302058709, 
6, 50.99086101885144, 47.36635552441661, 
6, 41.92176034813612, 41.48946706899311, 
6, 41.06599095600158, 41.06599095600158, 
6, 38.79755138178927, 38.79755138178927, 
6, 46.03628223142316, 46.03628223142316, 
6, 42.11752704620075, 41.22610715012768, 
6, 52.29747185716553, 52.29747185716553, 
6, 41.57442589512164, 41.57442589512164, 
6, 52.6487812070629, 52.6487812070629, 
6, 59.714266622766075, 59.714266622766075, 
6, 52.669961770605866, 52.669961770605866, 
6, 42.43242758755508, 42.43242758755508, 
6, 41.53719662314254, 41.53719662314254, 
6, 41.982554607080644, 41.982554607080644, 
6, 43.327294904970785, 43.327294904970785, 
6, 41.389823687308805, 40.35441258609758, 
6, 43.97940376675154, 43.76546641853826, 
6, 46.783001565331844, 46.783001565331844, 
6, 42.10832175026495, 41.514910385247575, 
6, 40.94085119829799, 40.686554343526836, 
6, 33.32459720520981, 33.32459720520981, 
6, 35.102926742483305, 35.102926742483305, 
6, 41.21004592899976, 41.21004592899976, 
6, 37.04592916055386, 35.8260481796369, 
6, 39.62412528100969, 37.359706777704794, 
6, 40.479560645415944, 37.33439114674469, 
6, 33.02033241326566, 33.02033241326566, 
6, 40.9652478515376, 40.9652478515376, 
6, 42.40614831560677, 42.40614831560677, 
6, 41.902261505505514, 41.901475209148764, 
6, 43.07661452033179, 43.07661452033179, 
6, 36.07201747008714, 36.07201747008714, 
6, 40.54637182816797, 38.03198943425737, 
6, 41.63199089480533, 41.63199089480533, 
6, 36.56293571022261, 35.5014953854896, 
6, 42.717951365591674, 42.717951365591674, 
6, 43.11701193792685, 42.37990424897621, 
6, 32.91050869902635, 32.91050869902635, 
6, 41.94713979546404, 41.94713979546404, 
6, 42.69812363662935, 42.69812363662935, 
6, 42.40336529886041, 42.40336529886041, 
6, 53.12311721889629, 53.12311721889629, 
6, 51.63169938199085, 51.63169938199085, 
6, 42.61566297518973, 41.31210629132946, 
6, 41.136559689291204, 40.70263785790182, 
6, 44.50077149288708, 43.08667798931753, 
6, 49.47006730970862, 41.855903998062594, 
6, 44.48355279122325, 44.48355279122325, 
6, 52.2071442182708, 52.2071442182708, 
6, 37.22583558626774, 37.22583558626774, 
6, 47.67581257080711, 42.630124430491506, 
6, 41.63002421459062, 41.63002421459062, 
6, 52.20345549675935, 52.20345549675935, 
6, 43.40858140109259, 41.279029569132334, 
6, 44.04751398351514, 42.17131332897235, 
6, 40.61783440654302, 40.617834406543025, 
6, 41.13857127089318, 41.13857127089318, 
6, 42.32680805553759, 42.32680805553759, 
6, 40.49230636502895, 40.49230636502895, 
6, 41.53352424257155, 41.06444314617914, 
6, 41.281567946768384, 41.281567946768384, 
6, 42.6286860544178, 42.6286860544178, 
6, 44.30354956442959, 44.30354956442959, 
6, 38.05273987696443, 33.345504040214124, 
6, 42.36745909980425, 42.36745909980425, 
6, 35.499272489271995, 35.499272489271995, 
6, 42.41342121872371, 42.41342121872371, 
6, 52.81258573847805, 52.81258573847805, 
6, 44.010010524315476, 42.76876682751352, 
6, 42.002974770777094, 42.002974770777094, 
6, 41.63808073445051, 41.63808073445051, 
6, 39.76167435026074, 34.67987864311425, 
6, 41.164122504614944, 41.02141372996462, 
6, 41.81001709640356, 41.73409467902293, 
6, 52.16264029732349, 52.16264029732349, 
6, 46.26328340556445, 41.30588924304621, 
6, 41.041286851972984, 41.041286851972984, 
6, 42.13766909324452, 42.13766909324452, 
6, 38.2969300883629, 38.2969300883629, 
6, 41.604791243226465, 41.49809830165419, 
6, 43.03655275123937, 43.03655275123937, 
7, 51.79789141383895, 43.82149917577709, 
7, 52.18964560504467, 52.18964560504467, 
7, 53.244644664626954, 47.4708144988486, 
7, 46.5459996851295, 45.74595560685836, 
7, 52.52254465587185, 52.52254465587185, 
7, 41.83343592240015, 41.55250316806247, 
7, 43.12212116557907, 43.12212116557907, 
7, 41.968925337907436, 41.968925337907436, 
7, 45.94369646440823, 44.12074629195515, 
7, 42.09564036017068, 42.01874837772635, 
7, 52.30608286590427, 49.38659529018111, 
7, 49.736228571411445, 41.27929702133047, 
7, 49.442504643153605, 41.542046186605944, 
7, 43.590972324954905, 41.83045348141082, 
7, 60.406162151263054, 60.406162151263054, 
7, 52.01219222102719, 52.01219222102719, 
7, 41.66545151370396, 41.15195005882823, 
7, 51.56370473224028, 42.37014349754937, 
7, 48.06265354181339, 45.66030776743544, 
7, 47.572768157894785, 47.572768157894785, 
7, 52.96773496877232, 52.96773496877232, 
7, 51.953778359681095, 51.953778359681095, 
7, 46.352316874129386, 46.352316874129386, 
7, 51.823641283388625, 51.4562425722122, 
7, 46.13118130463606, 42.42382496620681, 
7, 52.17125310770284, 52.17125310770284, 
7, 51.46385767266915, 41.19003153177321, 
7, 41.392745745581976, 41.392745745581976, 
7, 43.09242797781344, 43.09242797781344, 
7, 45.60593009248197, 42.11877387153187, 
7, 42.306877614536084, 42.306877614536084, 
7, 52.24941846687116, 49.618006120281755, 
7, 41.580282038118796, 41.580282038118796, 
7, 43.170610245472076, 43.170610245472076, 
7, 48.429908017699475, 44.48792926726031, 
7, 55.80621293023924, 53.246021928880765, 
7, 53.82801105395967, 53.82801105395967, 
7, 43.81763004013838, 43.81763004013838, 
7, 52.33410607353123, 52.33410607353123, 
7, 41.415589413816434, 41.415589413816434, 
7, 41.82475091988988, 41.82475091988988, 
7, 48.231678562297105, 43.78362152416272, 
7, 52.89378108188252, 48.48190343622766, 
7, 42.849742330922126, 42.174028023614525, 
7, 42.68312741512907, 42.68312741512907, 
7, 51.55152043968217, 51.55152043968217, 
7, 52.87107594389925, 52.87107594389925, 
7, 42.745249462552955, 42.745249462552955, 
7, 44.115687911033504, 43.12945962400889, 
7, 43.06743827565465, 42.594264317501114, 
7, 45.22651455481273, 43.36055239040279, 
7, 41.92600581232359, 41.92600581232359, 
7, 47.64776732668868, 47.64776732668868, 
7, 48.591424830169146, 41.240798384685846, 
7, 42.20996827638256, 42.20996827638256, 
7, 41.44148968765401, 41.44148968765401, 
7, 40.72072298483054, 40.72072298483054, 
7, 42.27872400566763, 41.763123485506874, 
7, 42.1535916480659, 41.86320937101728, 
7, 45.96378086391077, 43.97521023803506, 
7, 51.33287585600349, 51.33287585600349, 
7, 46.37706445315271, 42.2577010257226, 
7, 49.61301659444249, 48.39127253237113, 
7, 44.68428010271403, 42.339566083598584, 
7, 41.69748953023977, 41.69748953023977, 
7, 42.90778264578017, 42.90778264578017, 
7, 47.24478549801516, 42.36134502047065, 
7, 54.68406370228722, 54.388410396831105, 
7, 42.47121941327782, 42.388303161158156, 
7, 50.316617214307264, 41.87468771134653, 
7, 41.46934924114569, 41.46934924114569, 
7, 48.11848933391918, 43.35939911324039, 
7, 44.91005842150197, 44.91005842150197, 
7, 45.82584884329876, 45.04374872543269, 
7, 45.308696794666545, 43.94511651760152, 
7, 62.907050358707124, 62.907050358707124, 
7, 55.19012249430916, 51.43994101723753, 
7, 44.02969481480041, 41.904706577840564, 
7, 46.34849218477065, 42.5211270940876, 
7, 52.47408360940565, 52.47408360940565, 
7, 51.76513556794371, 44.191041414975736, 
7, 51.81427247716217, 51.81427247716217, 
7, 52.36058670142886, 52.36058670142886, 
7, 52.699158690842495, 52.699158690842495, 
7, 46.9724811632578, 42.677372756849934, 
7, 57.392836362523354, 51.711947711960406, 
7, 41.5794874728122, 41.5794874728122, 
7, 41.93499242230658, 41.93499242230658, 
7, 51.50118432169541, 46.026002818574106, 
7, 52.79587860132881, 52.580505004635455, 
7, 56.17420059758619, 56.17420059758619, 
7, 42.746799333162414, 41.561901727832954, 
7, 63.928635508504186, 63.928635508504186, 
7, 42.74377354606616, 42.74377354606616, 
7, 42.75577671949762, 42.75577671949762, 
7, 42.41747913339023, 42.41747913339023, 
7, 53.51216030965237, 53.51216030965237, 
7, 49.40132139641377, 46.492098791819394, 
7, 48.93420834487081, 48.93420834487081, 
7, 46.55865323578056, 42.832028574806216, 
8, 49.95458061903997, 49.95458061903997, 
8, 53.104539268979494, 51.773079506774195, 
8, 52.53458780571044, 52.53458780571044, 
8, 56.71986253837342, 52.28897140196452, 
8, 73.38150779606752, 73.38150779606752, 
8, 52.451866109402474, 52.451866109402474, 
8, 52.8442808638384, 52.312889588779534, 
8, 51.5721448625521, 51.5721448625521, 
8, 52.98631686541499, 49.57527680228041, 
8, 47.00798380096121, 47.00798380096121, 
8, 52.48565029024647, 52.00136815284203, 
8, 58.607341753757964, 52.86787469972866, 
8, 64.59198738413745, 64.15715654910169, 
8, 53.88894756497135, 52.00410580247249, 
8, 52.487966111226356, 52.072352724264874, 
8, 51.153394292758904, 51.153394292758904, 
8, 59.96762091353264, 52.9833501512402, 
8, 52.263122780977724, 52.04680876478488, 
8, 63.97367009971179, 53.19052738437946, 
8, 50.86939559627805, 50.86939559627805, 
8, 47.3022423114108, 47.3022423114108, 
8, 54.51637158656637, 52.61121923188827, 
8, 50.59986115824401, 48.65003186638676, 
8, 52.3341474853484, 52.334147485348396, 
8, 54.56539875017906, 52.85680337363422, 
8, 52.80321526329292, 52.4832504221161, 
8, 51.05675432908641, 51.05675432908641, 
8, 51.707299292978476, 49.183449603992656, 
8, 74.0860563754991, 74.0860563754991, 
8, 48.42544040908082, 46.95721745705696, 
8, 50.70774637208187, 49.35557685852508, 
8, 49.974271006398325, 46.12567121695625, 
8, 52.353474701643016, 52.353474701643016, 
8, 62.333766094324254, 62.333766094324254, 
8, 52.412261179590715, 52.412261179590715, 
8, 61.91226640699675, 52.15193726369542, 
8, 52.07478043008505, 48.396857103330525, 
8, 53.13230528875244, 52.79152822339679, 
8, 62.012743995291984, 61.73332639074022, 
8, 56.951935769694664, 55.56476748224182, 
8, 51.45695496024985, 49.38317789113181, 
8, 51.637870232655594, 46.33442100492242, 
8, 51.07802514817938, 51.07802514817938, 
8, 47.22353325164983, 47.22353325164983, 
8, 57.828841449727335, 52.5182319430225, 
8, 62.06386287393053, 62.06386287393053, 
8, 50.99962521475696, 50.99962521475696, 
8, 54.41452112101942, 54.41452112101942, 
8, 52.62368685594009, 50.57525903748262, 
8, 51.17778045297852, 50.70107963013803, 
8, 52.5677501378521, 47.40305057354503, 
8, 59.77948020030104, 56.88647303852514, 
8, 52.807325434340626, 52.4648435420093, 
8, 67.85663895387626, 62.00318676356098, 
8, 63.40595395394346, 63.40595395394346, 
8, 51.91674855631075, 51.91674855631075, 
8, 49.8094732336287, 49.8094732336287, 
8, 57.942542953508976, 52.31528041113431, 
8, 48.835010946259736, 48.835010946259736, 
8, 52.033757397768795, 50.346304145829464, 
8, 52.00426737627242, 52.00426737627242, 
8, 51.93214353640322, 50.71074661837278, 
8, 56.904082538095, 53.45698765491242, 
8, 51.86865919292192, 49.14084627814485, 
8, 52.68911656506387, 52.68911656506387, 
8, 51.24505682786305, 48.76508882478197, 
8, 52.49902547374133, 52.04250304458943, 
8, 64.78782042082454, 61.657126376701044, 
8, 55.467638677624265, 52.32850896513263, 
8, 47.13758232263861, 43.93201100841671, 
8, 51.87697353260837, 51.876973532608375, 
8, 51.37216754501555, 51.37216754501555, 
8, 50.02522843045347, 47.3007142890317, 
8, 52.515022078180394, 51.94886274862917, 
8, 51.45997933145705, 51.45997933145705, 
8, 52.44600940423616, 52.30913794381761, 
8, 59.06950543460722, 52.06373615296504, 
8, 52.55437955778756, 52.55437955778756, 
8, 63.11635665924746, 63.11635665924746, 
8, 51.96937194242689, 51.96937194242689, 
8, 63.47049449396486, 63.47049449396486, 
8, 51.2157917203819, 50.249768161743106, 
8, 62.0216814616049, 62.0216814616049, 
8, 52.27940686119614, 47.98238437110357, 
8, 55.12932476871733, 51.92341614708244, 
8, 47.53704456866589, 47.53704456866589, 
8, 52.159948788144476, 52.159948788144476, 
8, 51.17338230536341, 51.1050541578565, 
8, 52.17272079028778, 52.088744045238734, 
8, 52.60145483762507, 47.73303819843673, 
8, 52.2529464161081, 52.2529464161081, 
8, 52.01051403991731, 52.01051403991731, 
8, 72.90010372452008, 72.90010372452008, 
8, 64.01639824139822, 64.01639824139822, 
8, 51.51691418443533, 49.2128853532354, 
8, 51.263671911302026, 50.65071560298996, 
8, 44.16835409223607, 43.49035697411003, 
8, 51.1219907737982, 47.62947205653903, 
8, 51.95634383489396, 51.68747116493695, 
8, 49.88430850797498, 46.869520038293274, 
9, 54.68869785319347, 51.7615228178143, 
9, 63.43263205724749, 59.274389043180975, 
9, 52.93959929381401, 52.93959929381401, 
9, 59.269132871048086, 55.61107351987677, 
9, 62.87394434962799, 53.48300622388135, 
9, 64.26629622187576, 53.74476090887372, 
9, 61.938745479855754, 53.40582767155244, 
9, 62.199090103499124, 57.612022984497905, 
9, 55.200608283012706, 52.687803718948004, 
9, 58.447850952454985, 52.6654888739625, 
9, 57.99516533656089, 57.99516533656089, 
9, 60.99911575570696, 51.797599226997775, 
9, 62.01070952401107, 52.79094020550361, 
9, 60.90778377508918, 54.430543120900396, 
9, 64.33564896399693, 61.90766385330632, 
9, 61.091165435793336, 53.88508231773358, 
9, 53.06759287674055, 53.03122683386056, 
9, 61.006751954499535, 53.00285502320156, 
9, 59.02806483928414, 59.02806483928414, 
9, 52.643240709569085, 51.69012868663407, 
9, 62.25861323136529, 57.14865763007244, 
9, 62.59447548254209, 62.59447548254209, 
9, 61.92972883198174, 55.98524416194495, 
9, 60.71393662584107, 56.0522411847695, 
9, 71.26324583674696, 71.26324583674696, 
9, 55.92701336795338, 51.85284415112573, 
9, 51.94918016284758, 51.70765971556949, 
9, 52.69355060947098, 52.69355060947098, 
9, 64.36401727501901, 64.36401727501901, 
9, 55.22485421557216, 53.24785585045352, 
9, 58.63469159707691, 57.16144316325234, 
9, 73.07565118651162, 73.07565118651162, 
9, 52.639872759720795, 52.253485117714234, 
9, 63.096414467801736, 53.51013412572282, 
9, 61.997853960764445, 61.46531947048685, 
9, 83.21163456143324, 83.21163456143324, 
9, 59.38384423266933, 54.988935834931624, 
9, 54.11356923947716, 52.54199256257528, 
9, 52.69425672232565, 52.4197771600241, 
9, 56.1794678449852, 52.44391872240589, 
9, 57.03409159280371, 53.18040095556117, 
9, 56.407849707057814, 53.56700994254956, 
9, 54.46482931724681, 52.29295947873284, 
9, 61.3826239930214, 61.3826239930214, 
9, 63.06793743046258, 63.06793743046258, 
9, 77.03533858111165, 77.03533858111165, 
9, 52.741525207123296, 51.917017969347356, 
9, 52.16294733417101, 51.806781800792606, 
9, 56.156698585462074, 52.230151883675944, 
9, 59.651875622002436, 56.07213564108979, 
9, 58.884470410834666, 58.884470410834666, 
9, 52.68060711244087, 52.3774473670387, 
9, 62.18295699289108, 61.616047070355336, 
9, 53.42064431918434, 52.39789466219176, 
9, 55.57653376105486, 55.57653376105486, 
9, 62.03271963462012, 52.03601834997846, 
9, 59.263855581846215, 57.35657718405234, 
9, 63.9871831054608, 63.9871831054608, 
9, 56.56966438652358, 56.154473566112316, 
9, 54.20179109869892, 52.62144021232535, 
9, 54.1037968801905, 51.66079279537275, 
9, 53.84162862479417, 53.22919832308134, 
9, 55.9055744880701, 52.03422305378653, 
9, 62.94012682336905, 55.94438235606585, 
9, 62.49894572744081, 59.733535951749, 
9, 56.78408295652733, 52.453074393080676, 
9, 52.478735141349084, 52.42926951372456, 
9, 56.58603312777579, 53.09655621920042, 
9, 54.297041922749614, 54.297041922749614, 
9, 62.19940090261648, 51.50621206945714, 
9, 58.99681955725654, 53.10296007527851, 
9, 63.59586763639146, 63.59586763639146, 
9, 65.57136940711518, 58.018994029486414, 
9, 56.55892929041951, 55.35805384801132, 
9, 58.888051364280344, 58.27382752004388, 
9, 52.73004343829174, 52.23495032893624, 
9, 75.07828397426923, 72.34819221306725, 
9, 61.15803721108552, 53.105989255001596, 
9, 62.23410108641842, 62.23410108641842, 
9, 61.82637041132375, 61.45254773454583, 
9, 60.18555666327252, 55.37081241698341, 
9, 60.82086547933504, 55.527112117656245, 
9, 58.501361259929425, 54.2707460966687, 
9, 51.99801826391249, 51.99801826391249, 
9, 62.78999741967949, 51.97576433893641, 
9, 52.15970490793194, 52.15970490793194, 
9, 54.47460854506538, 51.94462554677973, 
9, 51.70326765076486, 51.70326765076486, 
9, 61.654739412195646, 51.69118270816358, 
9, 58.42516500540751, 54.45847150074473, 
9, 58.55857758428324, 53.35969435055893, 
9, 56.45143385488244, 56.45143385488243, 
9, 52.132703619430124, 51.37111001528207, 
9, 54.469444863445176, 52.2384057701499, 
9, 62.89692356913175, 61.92547772043924, 
9, 54.67591994025784, 54.67591994025784, 
9, 52.37709679070905, 52.36059311450565, 
9, 62.09647992910798, 54.93884271371539, 
9, 60.7392190907537, 54.7266069150987, 
9, 54.637161848666715, 53.42618545459406, 
10, 63.278764721754506, 62.82015716183828, 
10, 66.2228558839658, 61.98939855042425, 
10, 65.8572893192041, 61.13164410878959, 
10, 73.53059125063423, 64.49412067682778, 
10, 74.14472332194981, 70.89372441408038, 
10, 62.30065079213214, 62.17719436234175, 
10, 67.56391090915174, 62.393935234161596, 
10, 67.35372279311429, 63.71551393003307, 
10, 61.41944249159014, 61.05970851764194, 
10, 64.69036140583606, 60.177057840885254, 
10, 64.97669710396752, 61.83563285264816, 
10, 63.770290962909186, 61.826447678394395, 
10, 62.87469644491837, 62.85666921519342, 
10, 62.58523083900676, 62.4714024183302, 
10, 62.63458286065459, 61.64012718689173, 
10, 63.43220297514509, 63.43220297514509, 
10, 64.59787650033734, 61.01354616563258, 
10, 63.249765562061185, 63.249765562061185, 
10, 62.3438705981728, 59.76933690449796, 
10, 73.11778207438047, 61.818775504491995, 
10, 59.17367179372453, 58.75308718701976, 
10, 72.13363266580872, 63.57561048545546, 
10, 68.13554717836493, 62.099732053022194, 
10, 63.0369111971455, 62.27407759400821, 
10, 75.11539341511663, 72.52689320209834, 
10, 65.12813573048089, 62.74968918189374, 
10, 62.68344231264603, 61.915164903241084, 
10, 61.90214929788624, 60.96842411488636, 
10, 64.34925793575509, 64.08859310003223, 
10, 63.85551273226284, 62.12607754976365, 
10, 62.45142672912787, 59.46913049525798, 
10, 63.15923603480985, 63.15923603480985, 
10, 69.52542015900028, 65.02253808443008, 
10, 62.68482233290777, 57.55597119232261, 
10, 72.57029689371606, 67.00954102200657, 
10, 73.04963283228228, 67.01270893540664, 
10, 62.82769336260796, 60.502667810979915, 
10, 62.75510493886886, 62.21551052746182, 
10, 61.38920738223731, 59.420831193676925, 
10, 61.38843433630505, 56.3314716582437, 
10, 63.43676936005294, 59.00940499345725, 
10, 61.28028483625325, 60.68684449334485, 
10, 63.24831284576191, 62.32356002095721, 
10, 73.00851048242228, 73.00851048242228, 
10, 63.5053523623379, 63.305874854127225, 
10, 71.32791903372728, 62.45440691631509, 
10, 61.621867162585396, 57.523840554864115, 
10, 62.2558171176246, 62.120306119156155, 
10, 61.910734199483784, 60.76819126123846, 
10, 62.38879523818906, 61.712655265116155, 
10, 65.7003323609255, 59.410890002864065, 
10, 61.99008776782897, 60.01947182412063, 
10, 72.47747289798296, 63.05232327181027, 
10, 62.02655724868839, 60.6686080555606, 
10, 61.836020268936984, 61.281250570063634, 
10, 58.30855313557458, 57.564738418914224, 
10, 63.56759081391627, 63.56759081391627, 
10, 62.24604374944326, 61.75552072808041, 
10, 61.55970052824659, 61.4464288023463, 
10, 62.68175042593657, 62.131619298143704, 
10, 62.54372912040016, 61.822216157470464, 
10, 62.556846666975595, 62.10980229803009, 
10, 71.30517756819035, 67.28110674137476, 
10, 62.8709659682178, 62.522878742908595, 
10, 69.56134424486973, 62.5101146424234, 
10, 63.939903873343894, 63.47572702032197, 
10, 72.99966943146447, 63.91925862076643, 
10, 72.50391033733298, 65.40720789612284, 
10, 70.98334320211113, 62.6038563216141, 
10, 62.28466828467746, 61.94272881999973, 
10, 73.8474709323411, 69.28437970015898, 
10, 73.2051568218333, 73.2051568218333, 
10, 59.02097796465579, 59.02097796465579, 
10, 61.4400912286458, 59.35089650867717, 
10, 67.33689351801016, 60.02067302589455, 
10, 56.747634510319955, 56.747634510319955, 
10, 63.48138504595887, 61.29773667526523, 
10, 62.99751165620411, 62.78710545477974, 
10, 62.228550798881386, 62.2285507988814, 
10, 64.05763925476721, 63.38864834434387, 
10, 66.20083502578989, 61.932894624000674, 
10, 73.46991281494593, 63.67501078653599, 
10, 62.964215880363106, 62.70475567231883, 
10, 62.96629152656824, 61.31256537373407, 
10, 65.03859321160789, 64.99153985319904, 
10, 63.106223681739095, 61.94012938696291, 
10, 59.1720747946762, 59.11486730188182, 
10, 65.02855939255433, 63.123164698693316, 
10, 60.53993446358461, 60.383617629956305, 
10, 62.468458142919076, 61.49423294175617, 
10, 62.724615320975396, 62.48076867348644, 
10, 62.397363135704865, 61.974239895646235, 
10, 64.38420265452423, 61.90757174092161, 
10, 65.91926656484817, 61.309174276604026, 
10, 72.597432514483, 60.192282658235065, 
10, 62.71154196097078, 62.56020944665022, 
10, 73.73827724609488, 63.822094982432304, 
10, 70.94676120525368, 62.97186012025686, 
10, 66.46812286268559, 59.86206893929969, 
10, 63.918803496916425, 62.376789430555434, 
11, 74.51647571633765, 69.29850495710073, 
11, 72.75902236393321, 64.56718614113474, 
11, 73.08086218012586, 73.08086218012586, 
11, 69.45815656367493, 63.097950276979525, 
11, 63.00983669073006, 61.597907378875426, 
11, 63.99010995073974, 61.89963648677815, 
11, 70.79222746784366, 65.85189136023487, 
11, 73.47323847628243, 62.76848878571258, 
11, 66.90097171293519, 62.894460575246406, 
11, 67.15994237715823, 63.328100696412825, 
11, 71.59542857452297, 61.59019992559522, 
11, 68.90043647600017, 62.30750429693184, 
11, 73.22651904162959, 72.34707495485776, 
11, 64.67977954633892, 63.60094897944667, 
11, 62.95971028784703, 62.626975808119354, 
11, 83.10709084626268, 72.92305708709355, 
11, 73.60853761016901, 63.73137566687562, 
11, 73.33100544703336, 73.33100544703336, 
11, 68.526209756808, 67.58744413962837, 
11, 82.70371152690618, 72.61869322319822, 
11, 73.84106622457703, 71.96052072737096, 
11, 72.56387371052895, 62.027539173073606, 
11, 72.43194905959385, 64.90222473134976, 
11, 73.53504531707185, 73.53504531707185, 
11, 63.66097130886708, 62.6394020191387, 
11, 76.35732641533258, 63.542162351873, 
11, 71.68590853027764, 62.82477953961368, 
11, 66.02303748795522, 64.90819104058566, 
11, 73.41530628526701, 67.34334759437077, 
11, 67.15447549001031, 65.6150826147295, 
11, 98.65619934690957, 98.65619934690957, 
11, 72.0839417239429, 69.61616953970147, 
11, 67.43850597056839, 66.98170614002731, 
11, 72.30091540311355, 68.21170545719383, 
11, 72.13951130196028, 68.47008360352892, 
11, 74.26400353261356, 69.26970960739916, 
11, 68.06389497520107, 65.55400936858648, 
11, 71.78781164515678, 62.621574455844694, 
11, 65.68356726194092, 63.72360304830668, 
11, 80.59448428792764, 72.569021893856, 
11, 62.490223623805875, 62.490223623805875, 
11, 71.99158817310557, 64.65950379912209, 
11, 72.62761200927307, 65.0608389615455, 
11, 72.37119119011298, 67.33843155891361, 
11, 73.06612927674662, 63.71797271017815, 
11, 72.35733841123299, 67.80170150155071, 
11, 72.78072433602534, 72.48153757301078, 
11, 74.29312018055546, 74.02461924942675, 
11, 71.83669226864451, 62.56199478983196, 
11, 69.35697728690258, 63.48360068148022, 
11, 72.63985387407017, 69.22502284304653, 
11, 72.66114142995679, 61.71066587775709, 
11, 72.60312864485891, 66.44496405343318, 
11, 72.42631918922586, 67.62703715220407, 
11, 80.26443782638339, 73.22143814164944, 
11, 73.01224224674479, 69.40608335575334, 
11, 74.34650955745722, 66.27668217027997, 
11, 73.4050636801186, 66.44543376467692, 
11, 76.30890522033403, 67.43996509177379, 
11, 64.85408853933754, 63.78782509689702, 
11, 62.42653875744711, 62.23094715462726, 
11, 62.46577136585948, 62.10499087686698, 
11, 62.11514624942124, 61.49933241915061, 
11, 73.0064145264962, 71.40260222146902, 
11, 72.84347934540943, 68.12763195874415, 
11, 62.493154870663105, 62.43980773536309, 
11, 62.65769671248954, 61.78362151467287, 
11, 82.89543716959525, 73.60167219950907, 
11, 80.27460777893698, 72.85847769409217, 
11, 76.78112825929193, 63.3081743618063, 
11, 75.00158249948818, 61.557819817558126, 
11, 67.02549073951221, 62.870147250969474, 
11, 66.3822747256742, 61.696973457571765, 
11, 63.66832813674181, 62.938236977226474, 
11, 72.1093489718332, 64.72638841091148, 
11, 74.16885769131751, 73.39068153016024, 
11, 68.67175885857962, 63.8438692042599, 
11, 69.03200816719429, 68.32228965688411, 
11, 64.31526861628268, 62.20738980874572, 
11, 62.22362997798774, 61.92169240606603, 
11, 62.66316064888659, 62.32331065122127, 
11, 74.833156142461, 63.204342957305144, 
11, 73.04067931037963, 64.21966946477102, 
11, 72.58296657307235, 64.83620626751657, 
11, 73.14898134151984, 64.35029668344558, 
11, 72.21668399015908, 63.66653434289459, 
11, 72.15840224728518, 71.94885307755868, 
11, 83.97853733971479, 73.47993372726887, 
11, 66.90452717357192, 63.98949605488709, 
11, 73.64382033348525, 73.64382033348525, 
11, 73.87435985842922, 63.71143318493885, 
11, 77.10577226993084, 66.3601276830217, 
11, 71.11203750940531, 63.247091107151746, 
11, 63.72100736630871, 63.72100736630871, 
11, 63.67511743905381, 63.236949282291974, 
11, 66.430246976184, 62.558498273287725, 
11, 64.6128490758546, 63.607208373572746, 
11, 66.54857472882983, 62.77896609302916, 
11, 68.8322182607508, 63.31533632023893, 
11, 81.12645043191523, 71.42697584924441, 
12, 83.48634614159525, 71.8314816939172, 
12, 72.3911132187112, 68.96487120841977, 
12, 74.23959891546397, 72.91472259237558, 
12, 73.51611454834111, 72.54275668025903, 
12, 74.0779907146038, 73.06138303391737, 
12, 74.66667867477913, 73.22634905391124, 
12, 73.36910886640182, 72.43922676566972, 
12, 75.25095528859205, 72.36555930186397, 
12, 83.13269741800755, 80.9156349332863, 
12, 75.28379489361625, 73.79751846291387, 
12, 92.6955706022521, 82.18559336126108, 
12, 82.42480052296233, 73.33311259382754, 
12, 80.11333485254983, 71.62828067641927, 
12, 73.6272615152892, 71.78206464102618, 
12, 75.2136699089817, 72.29112154742646, 
12, 73.41365473249547, 72.43384644262723, 
12, 74.73014416643447, 72.0715291364346, 
12, 75.33327413273643, 70.04903645426822, 
12, 91.82662909288548, 74.30332985303289, 
12, 73.45401020499727, 72.49185036036297, 
12, 81.71203671941701, 72.65039741511961, 
12, 72.97197862800802, 71.9585242442436, 
12, 71.87646707505364, 71.87646707505365, 
12, 72.87031774406165, 71.83968649306898, 
12, 73.43268216258102, 72.79066248148901, 
12, 83.32776090416213, 75.4793068460083, 
12, 83.40724764812526, 73.46768074054263, 
12, 73.35123625130565, 70.98202481688799, 
12, 73.57768636177744, 72.92484178300211, 
12, 78.99166209942133, 74.50388492856938, 
12, 77.80450337986284, 72.0158220993964, 
12, 73.35560666844933, 70.0560788378531, 
12, 81.92437331751249, 71.88035586400932, 
12, 72.82134999609445, 71.91133388378117, 
12, 72.96931652127957, 72.28127184565484, 
12, 78.71055219506601, 72.23858662171331, 
12, 73.53476354912326, 72.23330845867247, 
12, 72.29611914681226, 71.36989407106195, 
12, 79.93052121733953, 72.85688370636832, 
12, 88.1217500093723, 75.15728323194837, 
12, 92.19624364006873, 83.84707562500647, 
12, 74.15525631441659, 73.14588461241348, 
12, 78.85601294097502, 72.84724105955945, 
12, 80.74235573775522, 69.69046056047435, 
12, 82.1674980695089, 72.12915207004818, 
12, 74.92497824492084, 74.92497824492084, 
12, 91.32498856488742, 83.87102769866826, 
12, 75.51399472552202, 72.0464821421188, 
12, 73.66455448292925, 72.96612404202355, 
12, 72.60856270391001, 69.5920099748028, 
12, 84.06765994088082, 73.5387785751686, 
12, 74.66576192666773, 72.88906220760867, 
12, 71.70981617484091, 71.70981617484091, 
12, 80.00762353832337, 74.15971803201275, 
12, 72.48956318754279, 69.91034404905908, 
12, 88.9214217226938, 82.7199400880881, 
12, 77.44903618851494, 73.23721726053984, 
12, 71.63171800904976, 71.63171800904976, 
12, 72.64947061303964, 64.63598996593622, 
12, 72.78648460210565, 72.33931356361678, 
12, 71.84746823297515, 71.7328990096804, 
12, 76.3301176401803, 71.6430145701311, 
12, 82.74855234095827, 73.72337498824632, 
12, 72.06883432359794, 71.8901647449547, 
12, 76.45164842294878, 72.10829730926365, 
12, 73.50116834650444, 72.25615177057873, 
12, 72.62271495668104, 72.52266271217508, 
12, 85.93717209173474, 78.05744263165181, 
12, 79.60865730352795, 72.1336951231506, 
12, 73.01878741023913, 71.50422875715063, 
12, 77.56332403323822, 73.03831671304032, 
12, 73.55147797001985, 73.11060465366376, 
12, 82.5080260356348, 71.80974166560614, 
12, 74.20375582915958, 71.52892827810098, 
12, 72.64725162926112, 72.04139926252817, 
12, 79.49763218485398, 73.81905690795311, 
12, 94.27373618091548, 84.06416523185936, 
12, 72.57760938746435, 72.21804965966093, 
12, 76.5962456476634, 72.8348910594486, 
12, 75.02172419772256, 73.75899228285876, 
12, 94.54864457665307, 84.29787974198989, 
12, 73.0434976072501, 71.31110962229857, 
12, 79.42084043179517, 72.47920778603198, 
12, 72.74531932253531, 71.64765385828363, 
12, 80.16796821781723, 75.77199476357497, 
12, 75.31735176219615, 72.32082146398356, 
12, 91.07254113854437, 81.7995372463314, 
12, 73.35015733203059, 72.75907897503126, 
12, 93.45758873234472, 82.64236384352434, 
12, 73.04243018001483, 72.66202243433841, 
12, 91.08255093230822, 80.77426419511337, 
12, 72.40587050048643, 67.96920680231096, 
12, 73.01096310842803, 69.13319898507172, 
12, 73.67480586712992, 69.9065394068002, 
12, 82.566861540608, 72.5801330902936, 
12, 74.2805436057429, 73.53420224545908, 
12, 70.36339380952579, 63.999321008810526, 
12, 79.01878988108864, 73.11891305426492, 
12, 72.9998985932362, 72.05237084874352, 
12, 73.95496578577342, 72.76450972989011, 
13, 84.15100794443437, 73.75723761046974, 
13, 98.06150532247887, 93.03171629690135, 
13, 90.65813590580312, 82.15518543828306, 
13, 77.37967264416076, 77.37967264416076, 
13, 83.08894307212859, 82.90885147153806, 
13, 84.28875126026392, 79.35183479689566, 
13, 83.45473448453785, 82.7524645481947, 
13, 90.56599059478005, 75.22880983211802, 
13, 83.35656953687962, 73.85175444085839, 
13, 82.79965006911797, 79.19712813313704, 
13, 74.41510309156908, 73.18857940221422, 
13, 82.62256163557026, 73.16682080062418, 
13, 79.014770312592, 73.47386839600105, 
13, 83.88846366951654, 79.19268782012108, 
13, 83.15025593051517, 75.18684963249923, 
13, 83.13738851653943, 82.9727088711473, 
13, 77.30409070604622, 74.90132428661555, 
13, 87.55463124223958, 81.30438611694284, 
13, 80.99253659743354, 73.42812536557275, 
13, 74.91367082273341, 73.30050462878461, 
13, 93.96446572096363, 83.8862052878136, 
13, 73.22767901746343, 73.22767901746343, 
13, 83.08487864371924, 81.72696082584767, 
13, 80.40166669556835, 72.91395540006802, 
13, 90.58590495199275, 81.96952165402487, 
13, 83.01886505215488, 72.42052538912759, 
13, 84.25723301522106, 76.30343530040977, 
13, 75.19069302634337, 73.20868014932616, 
13, 99.6918432094377, 86.27111497829242, 
13, 81.60889206967198, 80.73160545986511, 
13, 83.26567825591133, 81.9555642945369, 
13, 93.36632899127598, 85.50190137904929, 
13, 76.26492402492214, 74.41365092431039, 
13, 105.33927741851024, 84.82968439245694, 
13, 82.71510334728393, 75.52172921327364, 
13, 83.5814353958074, 82.30870762976548, 
13, 83.05507957218755, 78.37493897912746, 
13, 83.37949660782634, 76.29293537601266, 
13, 83.58550960653315, 75.20376063880074, 
13, 82.97011241661514, 76.85418411470354, 
13, 84.30370369342448, 82.51378829465861, 
13, 72.59184458521241, 71.86786508165827, 
13, 94.45366976390606, 82.55517435326745, 
13, 73.55170286705115, 73.55170286705113, 
13, 82.4546258410571, 82.22050524406245, 
13, 76.02711444587413, 71.96302841634161, 
13, 90.78048471465658, 75.19099770286734, 
13, 82.25285580473613, 74.88027915591438, 
13, 83.26419397790215, 81.50643790948502, 
13, 90.70513629516118, 83.76818102059241, 
13, 92.63291168321715, 73.4613296457487, 
13, 76.39097142050265, 74.73480779239317, 
13, 80.03561374246158, 72.05708031868016, 
13, 76.86904526970773, 74.18384822444281, 
13, 79.55559629365217, 78.52154027075613, 
13, 83.29907713667839, 78.04178791094719, 
13, 82.06785789715777, 72.46728691540835, 
13, 82.67681516608697, 79.81380040918467, 
13, 83.06320859844489, 75.34782603717245, 
13, 91.3230172959966, 77.75802386125294, 
13, 97.12600670241741, 84.37923955276969, 
13, 73.89464070724843, 73.89464070724843, 
13, 84.04434333921374, 83.03759751909475, 
13, 76.19393102438876, 75.05890883863232, 
13, 93.64115491535235, 82.93159973018176, 
13, 84.60724136884245, 81.01208168022372, 
13, 88.63464893450255, 74.36569396820647, 
13, 81.67308760376625, 73.12033535351738, 
13, 83.97426236448648, 75.13065303862962, 
13, 83.13369544630332, 80.37416447753334, 
13, 83.08409103396478, 72.75903324707673, 
13, 82.84935356784754, 82.28812652240177, 
13, 88.95206121948179, 84.4420864033396, 
13, 77.17188913797405, 73.03803091700509, 
13, 83.97288796639224, 82.39136219700106, 
13, 75.28081657221267, 72.92575387564355, 
13, 84.93208654840362, 80.21160435288395, 
13, 73.86434199497972, 73.86434199497972, 
13, 83.97358913842896, 82.44256426283621, 
13, 74.557858376631, 73.08538105685568, 
13, 87.59356556283475, 77.52782032801835, 
13, 86.89827681358115, 73.4072801514043, 
13, 82.79982949611836, 74.18619462199777, 
13, 85.80011249744072, 81.71995852067391, 
13, 84.63208836713198, 78.85443634872263, 
13, 82.16603061329906, 74.27259882235023, 
13, 89.7652621867972, 82.83907022990553, 
13, 88.97971643594418, 76.76950455238038, 
13, 95.83358485626597, 84.80906607013979, 
13, 77.80803408344103, 77.80216020276222, 
13, 75.06367675368085, 73.62841091712886, 
13, 93.50003684588495, 93.50003684588495, 
13, 88.94409829349128, 84.9034190579771, 
13, 94.04336606052664, 83.7689267753102, 
13, 83.01872833980617, 76.0416711369848, 
13, 80.63015101481645, 72.88722824442829, 
13, 85.82554967262762, 82.08763044151647, 
13, 72.5101522174577, 71.96633989413726, 
13, 81.24200853911202, 77.43379930622987, 
13, 83.49778710446321, 82.63632349304545, 
14, 85.47533236216607, 82.83458454902443, 
14, 101.53556789718412, 88.96715556952047, 
14, 90.02227797862662, 83.06409889964196, 
14, 84.49905896621465, 84.39073558600907, 
14, 83.22846871013093, 82.14849839226224, 
14, 95.25127951783074, 82.91112316727818, 
14, 83.77095341664223, 83.27044904530835, 
14, 82.69632374249042, 82.58398716459271, 
14, 89.54558678677883, 84.12283537058954, 
14, 87.32655351257237, 83.35940925428154, 
14, 95.3997969368626, 82.8654927085559, 
14, 93.28090203571603, 86.73899242301943, 
14, 84.1110231483472, 83.2889175423475, 
14, 85.47042454899677, 82.5410350550117, 
14, 93.7915978794809, 82.56989160929729, 
14, 92.16299412593726, 83.94604157937569, 
14, 86.02221854263533, 83.23207877252673, 
14, 82.09633671424979, 82.09633671424979, 
14, 84.36353195421435, 82.7083370504167, 
14, 88.5962090384048, 82.59154168898549, 
14, 83.09497813857053, 81.53118864736444, 
14, 91.1072434713905, 83.98711464280632, 
14, 82.83805198129893, 81.98859060122959, 
14, 87.49827614399013, 82.7368551269458, 
14, 84.87890552183228, 82.68245109882548, 
14, 83.42959034368965, 82.78440044270067, 
14, 90.14039667795392, 83.75256154598809, 
14, 92.6792086245769, 82.86067796613149, 
14, 90.56351316187957, 84.82630692692958, 
14, 84.1493903868937, 83.52703626466453, 
14, 77.58425850446886, 77.58425850446886, 
14, 82.35179071184194, 82.15761438512398, 
14, 83.5094582383297, 82.91945675084791, 
14, 85.62384478081735, 83.82872884831147, 
14, 94.49498437476106, 81.85655326287107, 
14, 90.8715817418619, 84.82281340374654, 
14, 83.75980994123374, 83.1106249876392, 
14, 84.39904341497333, 82.61233970575941, 
14, 89.64182762063253, 85.099994672204, 
14, 82.395799597335, 81.93951106235087, 
14, 82.946047432009, 82.76740415139484, 
14, 82.30524007620122, 77.61491647463407, 
14, 86.07466303172394, 82.76267106183982, 
14, 93.50657073321263, 82.71169557576904, 
14, 86.49281734781212, 82.65348299208952, 
14, 84.51251219905421, 83.05742429141564, 
14, 93.19501623897682, 81.97205098192677, 
14, 92.36826020237845, 83.75315368722457, 
14, 89.38049169275382, 83.17636663701164, 
14, 83.60714801164357, 82.56975943691785, 
14, 88.991515711933, 81.960010952135, 
14, 82.84814869822388, 82.16256136359753, 
14, 84.21587797505063, 82.41551921205848, 
14, 83.67171588205055, 81.64386199076952, 
14, 87.18846547597634, 82.55914599001416, 
14, 92.25347402630099, 83.83279302809902, 
14, 87.44232695964646, 83.68625762609406, 
14, 93.7993360411823, 80.15334602293792, 
