MILPScheduler, ExhaustiveStarScheduler, TercioScheduler, 
4, 3.2397619191056903, 3.2397619191056903, 3.2397619191056903, 
4, 7.204673849776857, 7.204673849776859, 7.204673849776859, 
4, 3.2706453678724703, 3.270645367872496, 3.270645367872496, 
4, 4.092649320030508, 4.092649320030509, 4.092649320030509, 
4, 1.7023265361785889, 1.7023265500293556, 1.7023265500293556, 
4, 3.7149798796652416, 3.7149798796652416, 3.7149798796652416, 
4, 1.8799816487602798, 1.879981648760281, 1.879981648760281, 
4, 3.92664807666236, 3.92664807666236, 3.92664807666236, 
4, 12.413186620950047, 12.413186620950043, 12.413186620950043, 
4, 3.635248246492616, 3.6352482464926226, 3.6352482464926226, 
4, 2.0782619466958554, 2.0782619466958847, 2.0782619466958847, 
4, 5.171825894787871, 5.1718258947879, 5.1718258947879, 
4, 3.6213067919436677, 3.6213067919453037, 3.6698275531326097, 
4, 4.144072647762874, 4.144072647762883, 4.144072647762883, 
4, 6.575459527396915, 6.575459527397046, 6.575459527397046, 
4, 5.514904143519324, 5.514904143519353, 5.514904143519353, 
4, 6.483869774346557, 6.483869774346557, 6.483869774346557, 
4, 3.409026051259164, 3.409026051259164, 3.409026051259164, 
4, 6.486592580424546, 6.486592580424546, 6.486592580424546, 
4, 3.4455645264230714, 3.445564526423074, 3.445564526423074, 
4, 6.42999914646397, 6.429999146464047, 6.429999146464047, 
4, 4.390351969768268, 4.390351969768268, 4.390351969768268, 
4, 4.474214696340306, 4.474214696340312, 4.474214696340312, 
4, 2.3635528209518957, 2.3635528209525822, 2.3635528209525822, 
4, 8.537986516952515, 8.53798655420486, 8.53798655420486, 
4, 1.966921509058483, 1.9669215090591672, 1.9669215090591672, 
4, 5.312782360877755, 5.312782360877755, 5.312782360877755, 
4, 2.963904167753539, 2.963904167753539, 2.963904167753539, 
4, 1.882258250534285, 1.882258250534285, 1.882258250534285, 
4, 2.929734392755332, 2.9297343927553365, 2.9297343927553365, 
4, 4.621471943584252, 4.621471943584252, 4.681190066704838, 
4, 2.477510601853091, 2.477510601853091, 2.477510601853091, 
4, 7.126631676237656, 7.126631676237656, 7.126631676237656, 
4, 3.765341943760036, 3.765341943760041, 3.765341943760041, 
4, 1.7420061689487571, 1.7420061689487583, 1.7420061689487583, 
4, 7.077513217926025, 7.0775132505745155, 7.0775132505745155, 
4, 9.061366393411664, 9.061366393411678, 9.061366393411678, 
4, 3.699409946857805, 3.6994099468578114, 4.095202023872764, 
4, 3.9809020002407656, 3.9809020002407656, 3.9809020002407656, 
4, 2.36261603934453, 2.3626160393445312, 2.3626160393445312, 
4, 3.2606403827667236, 3.260640408444975, 3.260640408444975, 
4, 6.411116267890201, 6.411116267890221, 6.411116267890221, 
4, 4.579166396770632, 4.579166396770632, 4.579166396770632, 
4, 2.751587488539636, 2.751587488539643, 2.751587488539643, 
4, 5.941818540100309, 5.941818540100309, 5.941818540100309, 
4, 6.687547186124875, 6.687547186124885, 6.687547186124885, 
4, 7.056454501955008, 7.056454501955017, 7.056454501955017, 
4, 3.5111097405230307, 3.511109740523037, 3.511109740523037, 
4, 2.2773686131541573, 2.2773686131541613, 2.2773686131541613, 
4, 2.9070410708369696, 2.9070410708369794, 2.9070410708369794, 
4, 2.6788233208053387, 2.6788233208053387, 2.6788233208053387, 
4, 4.204796834470832, 4.204796834470832, 4.204796834470832, 
4, 2.527595445870077, 2.527595445870079, 2.527595445870079, 
4, 2.51136095646304, 2.5113609564630415, 2.5113609564630415, 
4, 3.213553307042924, 3.213553307042928, 3.213553307042928, 
4, 2.4397561434839554, 2.4397561434839554, 2.4397561434839554, 
4, 6.167150304821401, 6.167150304821428, 6.167150304821428, 
4, 3.9746769268960715, 3.9746769268960715, 3.9746769268960715, 
4, 7.368735503264403, 7.368735503264428, 7.368735503264428, 
4, 4.862740513011018, 4.862740513011065, 4.862740513011065, 
4, 3.7263700511093503, 3.7263700511113735, 3.7263700511113735, 
4, 2.8105146191239756, 2.8105146191239756, 2.8105146191239756, 
4, 5.352250512746824, 5.352250512746836, 5.56575329476331, 
4, 2.008806915823265, 2.008806915823265, 2.008806915823265, 
4, 6.072867119983431, 6.072867119983449, 6.072867119983449, 
4, 4.540943935691035, 4.540943935691068, 4.540943935691068, 
4, 4.695006205313444, 4.695006205313483, 4.695006205313483, 
4, 9.06030071304137, 9.0603007130414, 9.0603007130414, 
4, 4.19266723976311, 4.192667239763153, 4.192667239763153, 
4, 3.972508516603697, 3.972508516603699, 3.972508516603699, 
4, 3.6177664924980872, 3.6177664924981023, 3.6177664924981023, 
4, 4.905447275385952, 4.905447275385951, 4.905447275385952, 
4, 3.229260534540814, 3.229260534540814, 3.229260534540814, 
4, 5.616768082126992, 5.616768082127054, 5.616768082127054, 
4, 2.1194583665611746, 2.1194583665613806, 2.1194583665613806, 
4, 7.454419683634827, 7.45441968363489, 7.45441968363489, 
4, 2.2968523645351793, 2.2968523645351806, 2.2968523645351806, 
4, 4.008032253674871, 4.0080322536750534, 4.040374543458821, 
4, 3.581867234248561, 3.581867234248586, 3.581867234248586, 
4, 4.473199582664665, 4.473199582664681, 4.473199582664681, 
4, 3.315268929898778, 3.3152689298987776, 3.3152689298987776, 
4, 7.538340681247407, 7.538340681247407, 7.538340681247407, 
4, 3.544068960061635, 3.544068960061635, 3.544068960061635, 
4, 6.570797573508602, 6.570797573508605, 6.570797573508605, 
4, 2.4589419864732056, 2.458941986474346, 2.458941986474346, 
4, 3.4067894063522046, 3.406789406352206, 3.406789406352206, 
4, 4.385022745844113, 4.385022745844115, 4.385022745844115, 
4, 7.626202243760815, 7.6262022437608215, 7.6262022437608215, 
4, 6.052542774512253, 6.052542774512253, 6.052542774512253, 
4, 4.0276128498623205, 4.0276128498623205, 4.0276128498623205, 
4, 4.432342662454022, 4.432342662454022, 4.432342662454022, 
4, 3.624834015930589, 3.624834015930589, 3.624834015930589, 
4, 2.8695743197029135, 2.8695743197029135, 2.8695743197029135, 
4, 3.67012112413797, 3.67012112413797, 3.67012112413797, 
4, 7.283225594920539, 7.283225594920539, 7.283225594920539, 
4, 3.5914916814728755, 3.591491681472877, 3.591491681472877, 
4, 6.16298372959155, 6.162983729591591, 6.162983729591591, 
4, 2.588250084258399, 2.588250084258401, 2.588250084258401, 
4, 2.433302293190102, 2.4333022931901036, 2.4333022931901036, 
4, 2.8665505135210156, 2.8665505135210156, 2.8665505135210156, 
5, 3.7288299282507076, 3.7288299282507102, 3.7288299282507102, 
5, 7.2262683595964665, 7.226268359596469, 7.226268359596469, 
5, 8.805591182074302, 8.805591182074366, 8.805591182074366, 
MILP: 3.9101293661891288 Buffered: 4.726314836720942
5, 3.9101293661891288, 3.9101293661891288, 3.9101293661891288, 
5, 8.937639667757951, 8.937639667757972, 8.937639667757972, 
5, 5.023133214729478, 5.023133214729478, 5.023133214729478, 
5, 4.827006422213541, 4.827006422213544, 4.827006422213544, 
5, 2.857634787440496, 2.857634787440502, 2.857634787440502, 
5, 3.517350682728494, 3.5173506827285066, 3.5173506827285066, 
5, 4.525462649815039, 4.889712994321576, 4.525462649815276, 
5, 5.446318076695213, 5.446318076695243, 5.446318076695243, 
5, 6.1191447808649455, 6.1191447808649615, 6.1191447808649615, 
5, 5.177861862305842, 5.177861862307452, 6.562873507860024, 
5, 5.5885359635752625, 5.5885359635752945, 5.5885359635752945, 
5, 7.8889028356193105, 7.8889028356193105, 7.8889028356193105, 
5, 4.7631453766471346, 4.7631453766472, 4.7631453766472, 
5, 8.083844449898415, 8.083844449898413, 8.083844449898413, 
5, 4.988286303716077, 4.988286303716136, 4.988286303716136, 
5, 3.939229261897141, 3.939229261897165, 3.939229261897165, 
5, 3.5711184083627976, 3.571118408362816, 3.571118408362816, 
5, 4.844298902564757, 4.844298902564788, 4.844298902564788, 
5, 2.4015051825390104, 2.4015051825419693, 2.4015051825419693, 
5, 3.7364219025998953, 3.736421902599897, 3.736421902599897, 
5, 7.423328090967854, 7.423328090967991, 7.423328090967991, 
5, 6.2391312549157565, 6.239131254915831, 6.239131254915831, 
5, 9.51325384533267, 9.513253845332702, 9.513253845332702, 
5, 5.372077615849306, 5.372077615849312, 5.372077615849312, 
5, 8.181178019165596, 8.181178019165644, 8.181178019165644, 
5, 3.8214600883968037, 3.8214600883968037, 3.8214600883968037, 
5, 5.684211183703515, 5.684211183703586, 5.684211183703586, 
5, 6.88445402653346, 6.88445402653346, 6.88445402653346, 
5, 11.065410584393902, 11.065410584393902, 11.065410584393902, 
5, 5.787489302837583, 5.787489302837638, 5.787489302837638, 
5, 3.1146906670401435, 3.1146906670412244, 3.1146906670412244, 
5, 3.897620017362672, 3.8976200173626947, 3.8976200173626947, 
5, 4.483173519536346, 4.483173519536368, 4.483173519536368, 
MILP: 8.22067009907316 Buffered: 9.894993549048742
5, 8.22067009907316, 8.220670099073171, 8.220670099073171, 
5, 8.778682118351048, 8.778682118351048, 8.778682118351048, 
5, 6.975559447017572, 6.975559447017608, 6.975559447017608, 
5, 8.218696776667871, 8.218696776667963, 8.218696776667963, 
5, 3.0320110828631868, 3.0320110828631868, 3.0320110828631868, 
5, 7.410107651786044, 7.410107651786044, 7.410107651786044, 
5, 2.9474410896632275, 2.9474410896632275, 2.9474410896632275, 
5, 8.496580740626964, 8.496580740626934, 8.496580740626934, 
5, 4.5053700210828715, 4.505370021082892, 4.505370021082892, 
5, 4.203985407274274, 4.2039854072742795, 4.2039854072742795, 
5, 2.9185525842724926, 2.9185525842724926, 2.9185525842724926, 
5, 3.6846449625707853, 3.6846449625708413, 3.6846449625708413, 
5, 4.886106816952897, 4.886106816952929, 4.886106816952929, 
5, 6.292474890664044, 6.292474890664045, 6.292474890664045, 
5, 3.567024775337413, 3.5670247753385538, 3.5670247753385538, 
5, 4.485029212155074, 4.485029212155105, 4.485029212155105, 
5, 3.270101526882776, 3.2701015268834346, 4.14535377261448, 
5, 3.676857319429062, 3.6768573198967616, 3.6768573198967616, 
5, 2.49273431269563, 2.4927343126956334, 2.4927343126956334, 
5, 3.865570600805479, 3.8655706008054964, 3.8655706008054964, 
5, 4.1258204020746225, 4.125820402074675, 4.125820402074675, 
5, 5.252895645882722, 5.252895645882767, 5.252895645882767, 
5, 3.7301088602984436, 3.730108860298465, 3.730108860298465, 
5, 4.327055420729161, 4.327055420729161, 4.327055420729161, 
5, 3.7462204459454087, 3.7462204459454145, 4.027686364450686, 
5, 6.437082018797161, 6.437082018797128, 6.437082018797128, 
5, 2.648101769634941, 2.6481017696351685, 2.8834680065076856, 
5, 5.863423551865588, 5.863423551865591, 5.863423551865591, 
MILP: 5.023487529983619 Buffered: 7.017777798606633
5, 5.023487529983619, 5.7053291761139855, 7.017777798606633, 
5, 9.967060180328833, 9.967060180328913, 9.967060180328913, 
5, 3.447458108719127, 3.447458108719127, 3.447458108719127, 
5, 3.741674802046026, 3.7416748020460293, 3.7416748020460293, 
5, 5.727273463090088, 5.727273463090788, 5.727273463090788, 
5, 3.163979848988041, 3.163979848988041, 3.163979848988041, 
5, 5.220800638435902, 5.220800638435902, 5.220800638435902, 
5, 5.8847662950310635, 5.884766295031171, 5.884766295031171, 
5, 9.107946121799092, 9.107946121799177, 9.107946121799177, 
5, 8.178770759617363, 8.178770759617464, 8.178770759617464, 
5, 4.046744108200073, 4.046744165532447, 4.046744165532447, 
5, 7.188384737804343, 7.188384737804343, 7.188384737804343, 
5, 3.770942455915619, 3.7709424559156886, 3.7709424559156886, 
5, 2.1987928992879584, 2.1987928996078425, 2.1987928996078425, 
5, 5.599859475760692, 5.599859475760723, 5.599859475760723, 
5, 4.342875374424672, 4.342875374424718, 4.487668345898973, 
5, 3.4800669333930134, 3.4800669333930134, 3.4800669333930134, 
5, 3.9088565128799546, 3.9088565128799546, 3.9088565128799546, 
5, 3.645666041175039, 3.645666041175039, 3.645666041175039, 
5, 2.8517207014461112, 2.8517207014470225, 2.8517207014470225, 
5, 6.935007213287607, 6.935007213287607, 6.935007213287607, 
5, 3.7899021904283945, 3.7899021904283954, 3.7899021904283954, 
5, 5.749411839888426, 5.749411839888445, 5.749411839888445, 
5, 5.114718319492051, 5.114718319492072, 5.114718319492072, 
5, 4.451097938149835, 4.451097938149875, 4.451097938149875, 
5, 3.0215262636237767, 3.0215262636238034, 3.0215262636238034, 
5, 5.802015095801931, 5.802015095801931, 5.802015095801931, 
5, 7.525355851891297, 7.525355851891364, 7.525355851891364, 
5, 3.050179272169193, 3.0501792721692236, 3.0501792721692236, 
5, 4.615192127419444, 4.615192127419464, 4.615192127419464, 
5, 5.516223216590729, 5.516223216590755, 5.516223216590755, 
5, 5.499203021972314, 5.499203021972335, 5.499203021972335, 
5, 3.728475761180623, 3.728475761180633, 3.728475761180633, 
5, 6.243905132115881, 6.243905132115925, 6.829323333102922, 
5, 7.477197416617916, 7.4771974166179165, 10.227956221737836, 
5, 6.896302506262343, 6.8963025062625185, 6.8963025062625185, 
6, 4.298401420912301, 4.298401420912317, 4.298401420912317, 
6, 8.702824465877601, 8.702824465877686, 8.702824465877686, 
6, 12.759142329978504, 12.759142329978683, 12.759142329978683, 
6, 6.336344805413684, 6.336344805413707, 6.336344805413707, 
6, 4.488302505754403, 4.488302505754452, 4.488302505754452, 
6, 3.7709319650987543, 3.7709319650987516, 4.425456386022153, 
6, 6.683891547750267, 6.683891547750399, 6.683891547750399, 
6, 7.6473765565357095, 7.6473765565357095, 7.6473765565357095, 
6, 5.732990925488386, 5.732990925488389, 5.732990925488389, 
6, 6.918918594126728, 6.918918594126677, 7.867854000454574, 
6, 4.625600714437101, 4.625600714437108, 4.625600714437108, 
6, 4.4096511988851965, 4.40965119888521, 4.40965119888521, 
6, 4.995605709606765, 4.995605710206353, 4.995605710206353, 
6, 4.030637760816051, 4.030637760816051, 4.030637760816051, 
6, 3.7611194940582338, 3.761119494534346, 3.761119494534346, 
6, 2.977664325703893, 2.9776643257038975, 2.9776643257038975, 
6, 6.6408418006975785, 6.6408418006975865, 6.6408418006975865, 
MILP: 3.879928919709533 Buffered: 4.938546522361316
6, 3.879928919709533, 4.46906491469332, 4.938546522361316, 
6, 6.402198384776849, 6.402198384776849, 6.402198384776849, 
6, 5.194592996932863, 5.19459299693292, 5.19459299693292, 
MILP: 2.55650883581686 Buffered: 3.770899188412773
6, 2.55650883581686, 2.5565088358168597, 6.049343515754054, 
6, 5.360240418911243, 5.360240418912933, 5.360240418912933, 
6, 10.484445810353858, 10.48444581035397, 10.48444581035397, 
6, 9.496797823244039, 9.49679782324423, 9.49679782324423, 
6, 8.898609099640382, 8.898609099640382, 8.898609099640382, 
6, 6.150171364978849, 6.150171364978853, 6.150171364978853, 
6, 6.415335998312042, 6.415335998312166, 7.002442573312439, 
6, 8.509504317373544, 8.509504317373544, 8.509504317373544, 
6, 6.217192008561637, 6.217192008561671, 6.217192008561671, 
6, 12.996281533221206, 12.996281533221477, 13.901767471352606, 
6, 7.422495634959459, 7.42249563495964, 7.42249563495964, 
6, 5.19923989135723, 5.199239891357358, 5.199239891357358, 
6, 2.614433596075303, 2.6144335960753033, 2.6144335960753033, 
6, 5.457086632668376, 5.457086633314084, 5.457086633314084, 
6, 3.4595883359616266, 3.459588335961639, 3.459588335961639, 
6, 8.64467682633126, 8.64467682633156, 8.64467682633156, 
6, 4.179990157984795, 4.1799901579847925, 4.1799901579847925, 
6, 6.852253602613752, 6.852253602613995, 6.852253602613995, 
6, 4.641703198160332, 4.641703198160335, 4.641703198160335, 
6, 9.818951543806026, 9.8189515438061, 10.364115748593003, 
6, 4.747857448024108, 4.74785744802417, 4.74785744802417, 
6, 7.731543365309832, 7.731543365309875, 7.731543365309875, 
6, 7.769937816279676, 7.769937816279676, 7.883180654600321, 
6, 3.2197388412200665, 3.2197388412200647, 3.2197388412200647, 
6, 6.0033162151451505, 6.003316215845482, 6.003316215845482, 
6, 6.607336180013094, 6.607336180013094, 6.607336180013094, 
6, 4.615197243578181, 4.61519724357818, 4.61519724357818, 
6, 2.4129467942482634, 2.4129467942535086, 2.4129467942535086, 
6, 4.128400860152327, 4.128400860152331, 4.128400860152331, 
MILP: 5.832240012825496 Buffered: 7.232798459880563
6, 5.832240012825496, 5.852580842778892, 7.369011334094957, 
6, 4.149611925038206, 4.2117658529142, 4.2117658529142, 
6, 3.7936856425939127, 3.7936856430732813, 3.7936856430732813, 
6, 8.496762256511941, 8.496762256511989, 8.496762256511989, 
6, 6.715220195555555, 6.715220195555643, 6.715220195555643, 
6, 5.809624128846836, 5.809624128846836, 5.809624128846836, 
6, 7.077411529792432, 7.077411529792432, 7.077411529792432, 
6, 5.5584188753584725, 5.558418875358476, 5.558418875358476, 
6, 5.062142649272447, 5.0621426492724355, 5.0621426492724355, 
6, 3.8929022049193893, 3.8929022049193893, 3.8929022049193893, 
6, 4.503245245171467, 4.503245245171466, 4.503245245171466, 
MILP: 6.763302383810348 Buffered: 12.102303941934405
6, 6.763302383810348, 7.622392240422219, 11.237952571058678, 
6, 5.2479049325541, 5.2479049325541665, 5.2479049325541665, 
MILP: 5.479323886649891 Buffered: 5.796608426243539
6, 5.479323886649891, 5.479323886651076, 5.479323886651076, 
6, 4.711451079207341, 4.711451079207392, 4.711451079207392, 
6, 4.591425609679014, 4.591425609679014, 4.591425609679014, 
6, 7.98224350424086, 7.982243504240862, 7.982243504240862, 
6, 10.816992187878373, 10.816992187878373, 10.816992187878373, 
MILP: 9.984443023835675 Buffered: 10.08173672129323
6, 9.984443023835675, 10.08173672129323, 10.08173672129323, 
6, 6.848439783114191, 6.848439783114219, 6.848439783114219, 
6, 7.665929769932912, 7.665929769932946, 7.665929769932946, 
6, 7.08476950361687, 7.084769503616943, 7.084769503616943, 
6, 6.357647775829323, 6.357647775829395, 6.357647775829395, 
6, 3.5264544927988077, 3.526454492798811, 3.526454492798811, 
6, 6.514201905581557, 6.514201905581629, 6.514201905581629, 
6, 3.5657127466130563, 3.5657127466130882, 3.5657127466130882, 
6, 11.575574610789282, 11.575574610789447, 11.69073935522258, 
MILP: 5.929164055394995 Buffered: 9.505195813436922
6, 5.929164055394995, 6.087366213474305, 9.505195813436922, 
6, 3.7677072552215347, 3.7677072552215347, 3.7677072552215347, 
6, 3.8980377241881845, 3.8980377241881845, 3.8980377241881845, 
6, 8.269007569321765, 8.269007569321765, 8.31313831628158, 
6, 4.019047669480425, 4.019047669480478, 4.019047669480478, 
6, 6.000876037979897, 6.000876037979934, 6.000876037979934, 
6, 7.314061435095898, 7.314061435096015, 7.4106811258783125, 
6, 6.149284962838903, 6.149284962838903, 6.149284962838903, 
6, 9.971070841302467, 9.971070841302936, 9.971070841302936, 
6, 4.838478511968088, 4.838478511968135, 4.838478511968135, 
6, 4.3811215239521495, 4.381121523952199, 4.381121523952199, 
6, 9.4008514766156, 9.400851476616065, 9.400851476616065, 
6, 3.178135606781334, 3.178135606781341, 3.178135606781341, 
6, 6.549427716329951, 6.549427716329957, 7.308721977991531, 
6, 6.753585362919367, 6.753585362919383, 6.753585362919383, 
6, 5.354228969665092, 5.354228969665092, 5.354228969665092, 
6, 4.221906057562156, 4.221906057562162, 4.408335256012291, 
6, 3.6573593753690803, 3.657359375369066, 3.657359375369066, 
6, 4.732788528461454, 4.732788528461455, 4.732788528461455, 
6, 6.407781000410115, 6.407781000410115, 6.407781000410115, 
6, 4.064615430407882, 4.064615430407882, 4.064615430407882, 
6, 5.581782601931295, 5.581782601931321, 5.581782601931321, 
6, 5.515126226448306, 5.515126226448357, 5.515126226448357, 
6, 4.6417967446682376, 4.641796744672391, 4.641796744672391, 
MILP: 5.990845961051476 Buffered: 6.8331584197369235
7, 5.990845961051476, 5.99084596175061, 6.8331584197369235, 
7, 5.438691232914812, 5.438691232914841, 5.438691232914841, 
MILP: 6.521447008567257 Buffered: 7.6684409027000076
7, 6.521447008567257, 6.521447008568815, 9.005928594527802, 
7, 6.405834795780185, 6.405834795780297, 6.405834795780297, 
7, 5.373154606157182, 5.373154606157182, 5.373154606157182, 
7, 4.030047343706278, 4.030047343706284, 4.030047343706284, 
7, 4.585982375168945, 4.585982375168982, 4.585982375168982, 
7, 11.36690716491057, 11.366907164910817, 11.375967996816538, 
7, 4.8144007606291925, 5.2820133826634885, 6.05335543391427, 
7, 6.5470514165474825, 6.547051416547481, 6.547051416547481, 
7, 7.338335258234792, 7.338335258234814, 7.338335258234814, 
7, 2.923059659788085, 2.923059659788085, 2.923059659788085, 
7, 3.9451248971427013, 3.945124897142887, 3.945124897142887, 
7, 8.398303521328893, 8.398303521328955, 8.398303521328955, 
7, 4.8269824447726455, 4.826982444772645, 4.856156946176805, 
7, 11.50075111909429, 11.50075111909453, 11.50075111909453, 
7, 5.152247641437878, 5.152247642053355, 5.152247642053355, 
7, 4.458652693830347, 4.458652693830351, 4.458652693830351, 
7, 10.003189293944764, 10.003189293944764, 10.003189293944764, 
7, 5.966626086309354, 5.966626086309365, 5.966626086309365, 
7, 12.14061456667595, 12.14061456667595, 14.237499574590617, 
7, 7.284014542566763, 7.284014543395292, 7.284014543395292, 
7, 15.785690255481354, 15.785690255481613, 15.785690255481613, 
MILP: 11.978817453787657 Buffered: 14.431506462080527
7, 11.978817453787657, 12.109788144047112, 14.431506462080527, 
7, 12.68565036782023, 12.685650367820239, 12.685650367820239, 
7, 11.893246469285305, 11.893246470574722, 11.893246470574722, 
7, 9.059974523419264, 9.059974523419264, 9.059974523419264, 
7, 11.811968899447308, 11.811968900728896, 11.811968900728896, 
7, 4.5027154072380915, 4.502715407238129, 4.502715407238129, 
7, 6.855812834988863, 6.855812834988865, 6.855812834988865, 
7, 8.192956515948365, 8.192956515948365, 8.546765749342155, 
7, 3.6768424563703963, 3.6768424563704762, 3.6768424563704762, 
7, 5.819096284228978, 5.819096284229258, 5.819096284229258, 
7, 7.3564051679016025, 7.3564051679016025, 7.59399759349911, 
MILP: 5.509077910023897 Buffered: 6.7853235209496106
7, 5.509077910023897, 6.7853235209496106, 6.7853235209496106, 
7, 10.079900321252632, 10.079900322360832, 10.112741904429262, 
7, 4.397042718611912, 4.397042718611913, 4.397042718611913, 
7, 5.487113749228634, 5.487113749230237, 5.487113749230237, 
7, 10.793584098982874, 10.793584098983237, 11.99313882004061, 
7, 7.639991584792583, 7.639991585665929, 7.639991585665929, 
7, 6.055423474947666, 6.055423475653265, 6.055423475653265, 
7, 5.550019122531256, 5.550019122531258, 5.550019122531258, 
7, 5.450484748420815, 5.450484748420858, 5.450484748420858, 
7, 4.119709590354393, 4.119709590354393, 4.119709590354393, 
7, 7.235663169646578, 7.2356631696465925, 7.2356631696465925, 
7, 4.388719086682724, 4.388719086682751, 4.388719086682751, 
7, 8.57174279507652, 8.571742795076602, 8.571742795076602, 
7, 12.489497647082949, 12.489497647082949, 12.875579227578086, 
7, 4.8853197312084395, 4.885319731208474, 4.885319731208474, 
7, 5.814011446302131, 5.814011446302131, 5.814011446302131, 
7, 3.78534505211109, 3.7853450521110936, 3.7853450521110936, 
7, 4.710011936985141, 4.71001193755614, 4.71001193755614, 
7, 5.702867374244827, 5.702867374244827, 5.854452828155306, 
7, 5.555287056780809, 5.555287056780872, 5.555287056780872, 
MILP: 4.488995930438981 Buffered: 4.495672124795358
7, 4.488995930438981, 4.495672124795358, 4.495672124795358, 
7, 6.8966381065511655, 6.896638106551247, 6.896638106551247, 
7, 5.767279528717133, 5.767279528717133, 5.767279528717133, 
7, 5.261405067192321, 5.261405067192348, 5.261405067192348, 
7, 4.5855351738583465, 4.585535173858395, 4.585535173858395, 
7, 9.283890460945871, 9.28389046094587, 9.28389046094587, 
7, 3.7362198554365564, 3.7362198554365635, 3.7362198554365635, 
7, 4.663843470042203, 4.663843470042206, 4.663843470042206, 
7, 7.637095190938644, 7.637095190938644, 7.637095190938644, 
7, 5.18548200362387, 5.185482003623938, 5.185482003623938, 
7, 3.999571344123386, 3.9995713441233844, 3.9995713441233844, 
7, 4.75139656359508, 4.751396563595145, 4.751396563595145, 
7, 8.985123821212477, 8.98512382121262, 10.254359907026387, 
7, 4.3844888024227755, 4.384488802422803, 4.384488802422803, 
7, 6.1798482091856215, 6.17984820918566, 6.350216879741819, 
7, 14.387640245421403, 14.387640245421846, 16.05087414133058, 
7, 4.353836932841158, 4.353836932841137, 4.353836932841137, 
7, 4.094557355948842, 4.094557356458298, 4.094557356458298, 
7, 5.979834345104143, 5.979834345104143, 6.663039844760056, 
7, 3.229565905880222, 3.229565905880222, 3.229565905880222, 
7, 8.297444696607933, 8.297444696607933, 8.297444696607933, 
7, 6.362077169113022, 6.362077169113082, 6.362077169113082, 
7, 2.557190280405252, 2.5571902804069806, 2.5571902804069806, 
7, 5.228955802553444, 5.228955802553444, 5.228955802553444, 
7, 5.549684980602827, 5.5496849806028274, 5.5496849806028274, 
7, 3.423069827385598, 3.4230698278279057, 3.4230698278279057, 
MILP: 5.247543600935769 Buffered: 5.369484781730238
7, 5.247543600935769, 5.369484781730238, 5.559811362298753, 
7, 8.050390469765382, 8.05039046976559, 8.05039046976559, 
MILP: 7.7178687979212945 Buffered: 9.011210666763823
7, 7.7178687979212945, 8.164219175265327, 11.855728086343031, 
7, 6.780255322691232, 6.780255322691305, 6.780255322691305, 
7, 5.566198411270489, 5.566198411270538, 5.566198411270538, 
7, 5.5171386376493325, 5.517138637649615, 5.517138637649615, 
7, 6.597934611160003, 6.597934611160052, 6.597934611160052, 
7, 15.015112992042823, 15.01511299364514, 15.317817686856586, 
MILP: 5.886508946745467 Buffered: 7.957006642798212
7, 5.886508946745467, 5.886508946745467, 6.109003319742922, 
7, 5.650360150607572, 5.650360150607607, 5.650360150607607, 
7, 4.050936202379377, 4.0509362023795585, 4.0509362023795585, 
7, 4.546524870507909, 4.546524870507911, 4.546524870507911, 
7, 4.595259800570684, 4.595259800570686, 4.595259800570686, 
7, 10.7543490166606, 10.754349016660651, 10.800314762186582, 
7, 4.027309165660505, 4.027309166163238, 4.027309166163238, 
7, 6.639406947087241, 6.639406947087241, 6.639406947087241, 
7, 10.749886460966747, 10.749886460966781, 10.749886460966781, 
MILP: 6.017665453624366 Buffered: 9.122570378014153
7, 6.017665453624366, 6.017665453624365, 7.707445730003958, 
MILP: 8.930655849168653 Buffered: 10.383766424234581
7, 8.930655849168653, 10.126993510804601, 10.383766424234581, 
7, 4.678573499868893, 4.678573499868932, 4.678573499868932, 
MILP: 4.607110707584669 Buffered: 4.615428462583827
8, 4.607110707584669, 4.607110707584669, 4.607110707584669, 
8, 9.68778083622693, 9.687780836226935, 9.971529980832678, 
8, 4.58795161549923, 4.58795161549923, 4.58795161549923, 
8, 8.136105858857007, 8.136105858857011, 9.848124759267005, 
8, 6.447430581743966, 6.447430582488716, 6.447430582488716, 
8, 16.062645327602734, 16.06264532760273, 16.476850870193672, 
8, 4.99051956374492, 4.990519563744928, 4.990519563744928, 
8, 8.053115115866742, 8.053115115866749, 8.055590741391464, 
8, 8.065115739787581, 8.065115739787595, 8.996395756761807, 
8, 8.964503106633096, 8.964503106633096, 8.964503106633096, 
8, 4.997107812076614, 4.997107812076614, 5.34568543706479, 
8, 7.498322678822014, 7.498322679671846, 9.51602635598597, 
8, 13.548490849840825, 13.548490849841038, 13.548490849841038, 
8, 16.936398806317722, 16.93639880631798, 16.93639880631798, 
8, 13.078788012226063, 13.078788012226095, 13.091837268447389, 
8, 9.5654174530358, 9.56541745303583, 11.474159448898778, 
8, 5.679819575388448, 5.679819575388457, 5.679819575388457, 
8, 9.018146037397226, 9.018146037397226, 9.018146037397226, 
8, 5.5157917655129065, 5.515791766164486, 5.515791766164486, 
8, 4.130326344243652, 4.557137749686847, 4.557137749686847, 
8, 3.528061617960898, 3.528061617960898, 3.528061617960898, 
8, 6.433832665336742, 6.433832665336742, 7.398158514383365, 
8, 3.4558845457171365, 3.455884546162725, 3.455884546162725, 
8, 7.065650332069304, 7.065650332069312, 7.065650332069312, 
8, 5.2571560258806995, 5.2571560258807, 5.2571560258807, 
8, 9.094283661595657, 9.094283661595655, 9.094283661595655, 
8, 4.966240618229477, 4.966240618229477, 4.966240618229477, 
8, 6.263459018835037, 6.263459019561457, 6.263459019561457, 
8, 10.411559250713047, 10.411559250713045, 12.270292122706607, 
8, 11.271933448803999, 11.27193344880443, 11.27193344880443, 
8, 5.900729828218258, 5.900729828908366, 5.900729828908366, 
8, 5.069224625445036, 5.0692246254450355, 6.668702878389598, 
MILP: 8.54236719063412 Buffered: 9.102040488084457
8, 8.54236719063412, 8.54236719063412, 9.037678759785523, 
8, 3.613964741588118, 3.613964741589197, 3.613964741589197, 
8, 6.974610308868843, 6.974610308868842, 7.651657382973109, 
8, 5.589893197596863, 5.589893198255853, 5.589893198255853, 
8, 7.706695492536673, 7.706695492536673, 8.366748948416989, 
8, 6.250935567132021, 6.250935567132102, 6.250935567132102, 
8, 6.938476367300594, 6.938476367300593, 8.14441768565571, 
MILP: 7.940291312945543 Buffered: 12.196516057606651
8, 7.940291312945543, 8.060051532866083, 9.564063092856161, 
8, 5.30375575216943, 5.303755752172562, 5.303755752172562, 
8, 7.859376546400245, 7.859376546402836, 8.742800022942614, 
8, 5.514451273346816, 5.514451273998261, 5.514451273998261, 
MILP: 10.643236367214612 Buffered: 11.314115300901975
8, 10.643236367214612, 10.643236367214577, 13.601808687886255, 
MILP: 16.35896169885848 Buffered: 17.40069468138311
8, 16.35896169885848, 16.358961700598716, 16.35896170059872, 
MILP: 10.06656744689601 Buffered: 10.455695866332263
8, 10.06656744689601, 10.066567446896018, 10.455695866332263, 
8, 13.032771680011454, 13.032771681414939, 13.032771681414939, 
8, 5.217312304853849, 5.217312304853849, 5.217312304853849, 
8, 4.855024435817636, 4.855024435817636, 4.855024435817636, 
8, 11.540796384176627, 11.540796385430781, 12.384837209130476, 
8, 9.953158974889805, 9.953158974896228, 9.953158974896228, 
8, 5.070858024838789, 5.070858024838829, 5.070858024838829, 
8, 6.3805989038778375, 6.3805989038778375, 6.849564567678562, 
MILP: 6.338346818609015 Buffered: 9.56238438678343
8, 6.338346818609015, 7.451893989324562, 9.56238438678343, 
8, 13.119642038759995, 13.119642038760226, 13.119642038760226, 
8, 12.031481554224142, 12.031481554224138, 12.031481554224138, 
8, 12.8875300605557, 12.887530060556065, 12.887530060556065, 
8, 6.61782637261024, 6.617826372610493, 6.617826372610493, 
8, 6.729967540525047, 6.729967541298043, 6.729967541298043, 
MILP: 11.251765321556997 Buffered: 13.131704036447763
8, 11.251765321556997, 13.131704036447763, 13.19766946226959, 
8, 4.5126630620344805, 4.512663062034479, 4.512663062034479, 
8, 5.430215348117847, 5.43021534811785, 6.36753613538103, 
8, 4.511640417554505, 4.5116404175545055, 4.5116404175545055, 
8, 11.363748763049418, 11.363748763049418, 11.363748763049418, 
8, 6.309907756370826, 6.3099077563709205, 6.3099077563709205, 
8, 9.863930286467063, 9.863930286467065, 9.863930286467065, 
8, 7.076865601038869, 7.07686560103887, 7.301959551263748, 
8, 5.458141473764042, 5.458141474411536, 5.458141474411536, 
8, 4.050380988232977, 4.050380988232975, 4.050380988232975, 
8, 7.660333092913689, 7.660333092913841, 11.1695855099212, 
8, 6.862313065921138, 6.8623130667074195, 7.047453235869279, 
8, 8.62355679163478, 8.623556791634932, 8.75076008421361, 
8, 7.812221610623981, 7.812221610623988, 7.812221610623988, 
8, 6.204841438129599, 6.204841438129608, 6.430928202971538, 
8, 14.720729530527151, 14.720729530527457, 14.720729530527457, 
8, 11.731781761909893, 11.731781763183264, 11.731781763183264, 
8, 5.426722180095008, 5.426722180095007, 6.715815302888618, 
8, 7.295947218009258, 7.295947218009258, 7.295947218009258, 
8, 3.1624646772000684, 3.1624646772000684, 3.1624646772000684, 
8, 5.108225084406737, 5.108225085017559, 5.108225085017559, 
8, 5.847800703304895, 5.857957243780495, 5.847800703304896, 
8, 6.7413178426485025, 6.741317843422634, 6.741317843422634, 
8, 12.125069047922898, 12.125069047922896, 12.125069047922896, 
8, 6.912050031915481, 6.912050031915556, 7.928525831977866, 
8, 5.054019242152635, 5.054019242152635, 5.324323134806543, 
8, 12.203659226702731, 12.265567198937275, 12.615054656748157, 
MILP: 9.311591595975715 Buffered: 11.79211224948667
8, 9.311591595975715, 10.172306411888393, 11.40134829360677, 
8, 8.242658494097984, 8.24265849502225, 8.95519803973948, 
8, 14.036474027340828, 14.036474027340969, 14.036474027340969, 
8, 5.954282636368505, 5.95428263636845, 5.95428263636845, 
8, 9.412445847782125, 9.412445847782179, 9.906459070411639, 
8, 7.586245787259669, 7.586245787259737, 9.193543771473966, 
MILP: 6.766822451356003 Buffered: 8.188020279956687
8, 6.766822451356003, 7.106903515390772, 8.188020279956687, 
8, 5.854716627186666, 5.854716627872142, 5.854716627872142, 
MILP: 8.670214191024485 Buffered: 15.919559225210493
8, 8.670214191024485, 9.336828122672973, 14.26493082436232, 
8, 8.179823058588957, 8.179823058588982, 9.332978330996008, 
8, 9.515328609563776, 9.515328609563777, 9.706358526346236, 
8, 6.812882900421117, 6.812882900421258, 6.812882900421258, 
8, 8.399540753604018, 8.39954075360836, 8.39954075360836, 
8, 5.755374637836665, 5.755374637836663, 5.755374637836663, 
MILP: 7.309039675348023 Buffered: 8.864825070794701
9, 7.309039675348023, 8.326711196895879, 8.367622631556305, 
9, 10.677517804804436, 10.677517804804467, 10.770786760012076, 
9, 8.540863265033233, 8.54086326599498, 9.291214657242781, 
9, 6.227675913615037, 6.227675913615038, 6.227675913615038, 
MILP: 10.074949429728306 Buffered: 14.289992792062456
9, 10.074949429728306, 10.520124633753223, 14.289992792062456, 
9, 8.213669376001164, 8.21366937600122, 8.21366937600122, 
9, 6.843782804060091, 6.843782804844565, 6.843782804844565, 
9, 7.585663139553834, 7.585663139555094, 7.585663139555094, 
9, 10.859787873600508, 10.859787874787, 10.859787874787, 
9, 4.9721420951908675, 4.972142095190867, 5.656784052955689, 
9, 8.230684550367329, 8.230684550367348, 8.230684550367348, 
9, 8.689015548010223, 8.689015548010257, 8.689015548010257, 
9, 13.374525915800795, 13.374525917238248, 13.374525917238248, 
9, 5.0067930019330396, 5.0067930019330396, 5.0067930019330396, 
MILP: 9.339561570681504 Buffered: 10.527651063129422
9, 9.339561570681504, 9.53247270778592, 12.215971197840732, 
9, 12.078730033289885, 14.685513276212545, 18.745690003400174, 
9, 9.360484287957261, 9.360484287957314, 9.40689573247279, 
9, 12.47995051002782, 12.479950510027917, 12.479950510027917, 
MILP: 9.853134806849965 Buffered: 13.620943604833956
9, 9.853134806849965, 9.854253068951978, 11.999210278303083, 
9, 3.946048710374428, 4.011808970991413, 3.9460487103745168, 
9, 12.858429486802601, 12.858429486802601, 12.858429486802601, 
9, 12.013558674063557, 12.013558674063692, 13.981501233010444, 
MILP: 10.41717558664823 Buffered: 12.459744164521432
9, 10.41717558664823, 10.41717558664823, 10.41717558664823, 
9, 9.537337293037966, 9.53733729303807, 12.450978292536627, 
9, 4.766553761532878, 4.766553761532902, 4.766553761532902, 
9, 9.2215768965118, 9.2215768965118, 9.2215768965118, 
9, 4.738607406434573, 4.738607406434599, 5.09257983944879, 
MILP: 5.812278824656498 Buffered: 8.968171576571486
9, 5.812278824656498, 6.252221024204489, 7.005851231369832, 
9, 10.842606017023403, 10.842606017023485, 10.842606017023485, 
MILP: 9.659800926920074 Buffered: 10.287052525471829
9, 9.659800926920074, 10.011225322695854, 11.645338344013641, 
9, 10.151128297422934, 10.15112829742293, 10.15112829742293, 
9, 12.409587641817803, 12.409587643158856, 12.409587643158856, 
9, 7.429052195138363, 7.429052195138363, 8.527793399708417, 
9, 10.08386911515652, 10.083869116265134, 10.495822589892228, 
9, 12.925945123553616, 12.925945123553767, 12.925945123553767, 
9, 5.088730321174237, 5.088730321174241, 5.088730321174241, 
9, 12.060312729097458, 12.06031272909766, 12.06031272909766, 
9, 5.988158062734402, 5.988158062734441, 5.988158062734441, 
9, 14.50756007379509, 14.507560073795558, 14.507560073795558, 
MILP: 3.8096411664690537 Buffered: 6.676354782570979
9, 3.8096411664690537, 3.8096411664690537, 4.027019368583327, 
9, 4.345684082213431, 4.345684082213431, 4.345684082213431, 
9, 10.720385535603047, 10.72038553560329, 11.915033408690542, 
MILP: 5.895208330072348 Buffered: 6.71345390900551
9, 5.895208330072348, 6.4972005093421625, 9.48849206184885, 
9, 13.958481654606683, 13.95848165460697, 13.95848165460697, 
MILP: 9.154775376518984 Buffered: 9.631291270985752
9, 9.154775376518984, 9.154775376518982, 9.827135108042292, 
9, 7.060673846376537, 7.06067384637658, 7.06067384637658, 
9, 4.068925104356616, 4.068925104356646, 4.068925104356646, 
MILP: 5.224470429196963 Buffered: 8.788680693610605
9, 5.224470429196963, 5.469954816794389, 8.982264569704796, 
9, 15.295484158542017, 15.295484158542177, 21.050431391661675, 
9, 9.974223837837851, 9.974223838935318, 9.974223838935318, 
9, 13.41693193390023, 13.416931935342213, 13.800351949797385, 
9, 6.061100918912612, 6.061100918912612, 6.09430919454032, 
9, 4.756930948623234, 4.756930948623234, 4.756930948623234, 
9, 5.514693225825486, 5.514693225831352, 5.514693225831352, 
9, 6.326625652380738, 6.326625652380753, 6.326625652380753, 
9, 4.736541006912324, 4.736541006912706, 4.736541006912706, 
MILP: 6.969863030145474 Buffered: 8.34287271641531
9, 6.969863030145474, 7.569877425113988, 9.09950497335382, 
9, 8.239100082188317, 8.239100082188346, 8.396618623384503, 
MILP: 9.394229571916934 Buffered: 13.476618025623267
9, 9.394229571916934, 9.394229573137588, 10.820998385129652, 
MILP: 6.741868088830422 Buffered: 11.414687031970663
9, 6.741868088830422, 7.654744888008372, 7.654744888008372, 
9, 5.891971104707794, 5.891971107184079, 5.891971107184079, 
9, 6.056529288390371, 6.056529288390372, 6.056529288390372, 
9, 5.355959084240884, 5.355959084876478, 5.416991333276211, 
9, 7.214093353045481, 7.214093353045524, 7.518905799147223, 
9, 4.915214227617754, 4.91521422761933, 4.91521422761933, 
9, 7.152223552088241, 7.1522235520883255, 7.575434619374391, 
9, 13.438951546699204, 13.43895154814339, 13.43895154814339, 
9, 9.369936699063715, 9.369936699063715, 9.369936699063715, 
9, 6.962525396240737, 6.962525396240774, 6.962525396240774, 
MILP: 7.363133898397841 Buffered: 9.935826470733176
9, 7.363133898397841, 7.363133899245138, 9.521074239494315, 
9, 5.242794141285373, 5.242794141285379, 5.566163680787689, 
9, 9.34345779272042, 9.343457792720422, 9.372567617879916, 
MILP: 6.5075839404909015 Buffered: 6.986479857647525
9, 6.5075839404909015, 6.507583941241663, 6.507583941241663, 
9, 7.393137488998684, 7.393137489838047, 7.393137489838047, 
9, 10.486262793120044, 10.486262793120043, 10.486262793120043, 
9, 5.938874295365241, 5.938874296059129, 5.938874296059129, 
MILP: 6.720151760181389 Buffered: 8.87319590942752
9, 6.720151760181389, 6.720151760181391, 7.276328986184263, 
MILP: 11.768874549459245 Buffered: 13.361564230165545
9, 11.768874549459245, 11.768874549464947, 11.768874549464947, 
9, 5.758017444418387, 5.758017444418386, 5.758017444418386, 
9, 14.280786781178294, 14.280786781178373, 15.269288849129511, 
MILP: 10.918876959593325 Buffered: 12.67606760045716
9, 10.918876959593325, 12.203803454195818, 15.442175136180328, 
9, 6.696414369536028, 6.696414370209463, 6.696414370209463, 
9, 8.358379324237466, 8.358379324237466, 9.112602619350842, 
9, 4.876628045181989, 4.876628047067428, 4.876628047067428, 
9, 6.6897174249880536, 6.689717424988005, 6.689717424988005, 
9, 4.063269196955886, 4.063269196955889, 4.063269196955889, 
9, 4.862858330364573, 4.862858330364566, 5.986472095225138, 
MILP: 12.323404012472558 Buffered: 13.361717632199142
9, 12.323404012472558, 12.323404012472707, 14.542779304725432, 
MILP: 7.4076856754798674 Buffered: 9.470201905330391
9, 7.4076856754798674, 8.014467360527401, 8.863420221123633, 
9, 5.349910679225877, 5.349910679225878, 5.349910679225878, 
9, 7.125474073928073, 7.125474073928145, 7.125474073928145, 
MILP: 7.622829434849859 Buffered: 8.340207616645447
9, 7.622829434849859, 7.960565625508828, 12.48406798030471, 
9, 11.299716421529418, 11.29971642152942, 11.579128826958303, 
9, 19.81886992468756, 19.81886992468756, 20.846351188410953, 
9, 7.843186629613212, 7.843186629613214, 11.015729838030438, 
9, 4.9956366767614435, 4.9956366773610075, 4.9956366773610075, 
9, 7.533548781279224, 7.533548781279222, 7.533548781279222, 
9, 5.838154718984968, 5.838154718985037, 5.838154718985037, 
9, 13.64461835403163, 13.644618354032167, 13.644618354032167, 
9, 7.059565950895255, 7.059565950895256, 7.059565950895256, 
10, 4.201348684811192, 4.201348684811152, 4.201348684811152, 
10, 13.969346024639846, 13.969346024640132, 13.969346024640132, 
10, 10.826828065572208, 10.826828066754894, 10.874813818193585, 
10, 6.5683424472633, 6.568342448020169, 7.969815670070827, 
10, 4.978223899000267, 4.978223899598097, 4.978223899598097, 
10, 10.796303681401117, 10.796303682581346, 13.532187519511385, 
10, 7.678296395527824, 7.6782963963958055, 7.6782963963958055, 
10, 8.2982989660282, 8.298298966028266, 8.443832754049776, 
10, 7.31716182486144, 7.317161824861465, 7.317161824861465, 
MILP: 11.68448923813597 Buffered: 12.202949308094253
10, 11.68448923813597, 12.20294930809425, 12.202949308094253, 
MILP: 11.585233662844416 Buffered: 11.599577917988128
10, 11.585233662844416, 11.58523366284437, 13.586253616431463, 
10, 5.359115621764338, 5.359115622400275, 5.359115622400275, 
MILP: 11.616674656421829 Buffered: 15.596873204993425
10, 11.616674656421829, 12.689277451775752, 19.988240776662852, 
MILP: 11.330370290893617 Buffered: 16.193916066403848
10, 11.330370290893617, 11.330370293833283, 11.408875331894025, 
10, 6.567880170223535, 6.652798965275918, 6.652798965275918, 
10, 13.327420167572267, 13.327420167572264, 15.01778339054431, 
10, 4.902733096383345, 4.902733096384968, 4.902733096384968, 
10, 7.462538965340988, 7.462538965340987, 7.585496738439562, 
MILP: 15.042897244812268 Buffered: 20.411179243686927
10, 15.042897244812268, 15.301942069940228, 15.949089739493369, 
10, 5.373534516202874, 5.621177323007948, 5.7637817668940725, 
10, 4.384920880371633, 4.384920880375206, 4.862879136286653, 
10, 5.232641649323658, 5.232641649323684, 5.232641649323684, 
10, 12.319583003055694, 12.648135122572043, 14.332372663724495, 
10, 13.63231575261072, 13.632315752611024, 13.935537724922225, 
10, 12.568272787315841, 12.568272787315845, 13.145680261267398, 
10, 4.185745786838757, 4.185745786838765, 4.185745786838765, 
10, 5.856993291182571, 5.856993291182572, 5.856993291182572, 
10, 5.257109916072854, 5.257109916072874, 5.257109916072874, 
10, 8.811231868144203, 8.811231869125347, 14.873001704324775, 
10, 10.035156296812051, 10.03515629791557, 12.21864097800842, 
10, 12.595134898774244, 12.595134898774823, 13.187879244865432, 
MILP: 11.565174746879865 Buffered: 17.029391210882718
10, 11.565174746879865, 12.49746402533878, 15.73190989872871, 
10, 4.799226327859611, 4.799226327859553, 4.799226327859553, 
10, 9.188137210079887, 9.188137210081027, 9.609563059636539, 
MILP: 14.013245696967632 Buffered: 17.42624711085078
10, 14.013245696967632, 14.3759422110449, 17.186732623441326, 
10, 7.343364982309808, 7.343364983144144, 7.785303280763592, 
10, 12.671018798994405, 12.671018800361768, 12.671018800361768, 
10, 9.526741029086873, 9.526741029086876, 10.953543164299504, 
10, 7.640449010708551, 7.640449011572683, 7.640449011572683, 
10, 6.422734705706095, 6.439477398345601, 6.4227347057060955, 
10, 10.661742354494804, 10.661742355661579, 10.775871035829192, 
10, 11.434319766647825, 11.434319766648521, 11.72521189745104, 
10, 9.144857997132647, 9.144857997132712, 9.144857997132712, 
10, 6.459369644300511, 6.4593696443048865, 6.4593696443048865, 
MILP: 6.2034101013580445 Buffered: 10.646283526625929
10, 6.2034101013580445, 6.203410101358062, 7.4956401710092955, 
10, 3.7779193400672795, 3.7779193405450746, 3.7779193405450746, 
10, 6.413580519570997, 6.413580519571201, 6.413580519571201, 
10, 6.668339963072557, 6.668339963072542, 6.668339963072542, 
10, 8.177855292288704, 8.177855293206493, 8.575547166613577, 
10, 7.504790533554774, 7.5047905335547975, 7.5047905335547975, 
10, 10.071118004932691, 10.071118004932964, 10.071118004932964, 
MILP: 7.760916387050071 Buffered: 8.432718483480734
10, 7.760916387050071, 7.766349819932774, 10.708219346966423, 
10, 8.124337692813064, 8.1243376937255, 8.1243376937255, 
10, 15.410972846500623, 15.410972846500856, 15.410972846500856, 
MILP: 10.585907483224238 Buffered: 17.17802201101692
10, 10.585907483224238, 11.327953722674948, 20.194526267610968, 
MILP: 6.88541837698646 Buffered: 8.30079959150017
10, 6.88541837698646, 7.149056413980291, 10.430547707869378, 
MILP: 8.637194304312974 Buffered: 12.649030047713229
10, 8.637194304312974, 8.637194391585293, 13.268635401137306, 
10, 3.981371653348483, 3.98137165334848, 3.98137165334848, 
MILP: 8.473001154601356 Buffered: 9.601149139662233
10, 8.473001154601356, 8.473001155552385, 8.926384956210942, 
10, 10.80177914784435, 10.80177914784435, 10.992009346705895, 
10, 5.9619240313984605, 5.961924031398455, 5.961924031398455, 
10, 9.585459311356734, 9.585459312415313, 9.585459312415313, 
MILP: 10.761230475742003 Buffered: 17.46257424769105
10, 10.761230475742003, 13.359991619968381, 18.744723837773122, 
MILP: 5.936790159001268 Buffered: 6.25340478843915
10, 5.936790159001268, 6.25340478843915, 7.204572065482061, 
10, 8.25101434020764, 8.2510143402077, 12.158046142433648, 
MILP: 13.588142394119773 Buffered: 15.732626928739121
10, 13.588142394119773, 13.588142394119775, 14.19940557605781, 
MILP: 19.53304962726166 Buffered: 25.885049894280762
10, 19.53304962726166, 19.533049627262102, 19.533049627262102, 
10, 12.709139917720888, 12.709139917721963, 14.392188473841045, 
10, 6.9070199150155425, 6.9070199150155, 6.9070199150155, 
10, 8.029598913311903, 8.029598913311943, 8.029598913311943, 
10, 9.859027482647678, 9.859027482647676, 9.859027482647676, 
MILP: 9.850513433806894 Buffered: 10.254712157441828
10, 9.850513433806894, 9.850513434891957, 11.99529922006968, 
10, 5.9125149600279885, 5.912514960027987, 5.912514960027987, 
MILP: 11.341129324587198 Buffered: 12.136683507018361
10, 11.341129324587198, 11.98342199239683, 13.202102053296361, 
10, 4.709209882116056, 4.709209882116056, 4.84201436805373, 
10, 4.571834019956755, 4.571834019956755, 4.571834019956755, 
10, 11.888528266861615, 11.888528266861616, 12.679006124615656, 
MILP: 12.972269276959755 Buffered: 15.201476772268489
10, 12.972269276959755, 14.34199968129585, 17.859320509817575, 
10, 7.5583472618310825, 7.558347262686917, 8.011849380061797, 
10, 5.716071799805259, 5.716071800476865, 5.766169411435606, 
10, 6.526405574419781, 6.52640557441981, 7.402435457459914, 
MILP: 9.230688160294754 Buffered: 11.509027226947861
10, 9.230688160294754, 10.251312187150319, 10.84495192316692, 
10, 3.9775043454859977, 3.9775043454859955, 3.9775043454859955, 
10, 5.144650414567371, 5.144650414567401, 5.144650414567401, 
10, 5.401443514073147, 5.401443514073148, 6.015713192162564, 
10, 6.2389943895643105, 6.2389943895643105, 6.2389943895643105, 
MILP: 11.70909534834312 Buffered: 15.48953157290628
10, 11.70909534834312, 13.94803220938085, 15.094237998252247, 
10, 5.772707296846376, 5.772707298200913, 5.772707298200913, 
10, 10.675671896832558, 10.675671896832558, 12.491828133136032, 
10, 3.797421527877214, 3.7974215278772148, 3.7974215278772148, 
10, 12.774106343403334, 12.774106343403584, 12.774106343403584, 
MILP: 11.003949399214722 Buffered: 11.493798544028465
10, 11.003949399214722, 11.493798544028465, 11.493798544028465, 
10, 6.3973651181052436, 6.397365118845097, 6.491336417349994, 
10, 12.179558028416837, 12.179558028416974, 12.750187423235207, 
10, 5.339159380152852, 5.339159380152798, 5.339159380152798, 
MILP: 11.074426741966008 Buffered: 13.56227638556756
10, 11.074426741966008, 11.077699304340658, 12.718096047445368, 
10, 9.238206270436157, 9.238206270436162, 9.238206270436162, 
MILP: 6.413489408181435 Buffered: 8.424066359290016
10, 6.413489408181435, 6.419124065918117, 6.419124065918117, 
MILP: 12.17915018875231 Buffered: 14.541750330926384
10, 12.17915018875231, 13.485231899631977, 14.541750330926384, 
10, 3.627382170770119, 3.627382170770167, 3.6273821707701677, 
11, 9.263278720551032, 9.263278720551057, 9.916585806746713, 
11, 4.760083222201517, 4.76008322220153, 4.76008322220153, 
11, 14.144603270985028, 14.144603270994061, 14.27182232998912, 
11, 13.122260147230339, 13.122260147230335, 15.050975446485536, 
11, 7.609989669260896, 7.905215279746789, 7.905215279746789, 
MILP: 11.905988533366433 Buffered: 12.687928004669795
11, 11.905988533366433, 12.007585841903495, 13.783861209051475, 
11, 9.900529774730773, 9.900529774731359, 11.168421720034381, 
11, 12.157668250843649, 12.157668250843647, 12.157668250843647, 
MILP: 11.452297251922756 Buffered: 13.562236576392252
11, 11.452297251922756, 11.568679600281769, 13.277866993295442, 
MILP: 14.305642960212014 Buffered: 14.934018242685905
11, 14.305642960212014, 14.921038507242635, 22.260128945005363, 
11, 7.197803482140366, 7.197803482140366, 8.089053555282076, 
MILP: 5.380991540626235 Buffered: 5.790013207252228
11, 5.380991540626235, 5.380991541264291, 6.178838925878738, 
MILP: 13.165715054407574 Buffered: 14.818132984597813
11, 13.165715054407574, 13.165715054407569, 13.84255252258109, 
MILP: 12.811671242708494 Buffered: 14.527988476713887
11, 12.811671242708494, 12.826392304018158, 15.424091173675542, 
MILP: 15.462447653552038 Buffered: 16.96089492290247
11, 15.462447653552038, 16.377732803205635, 19.179893720790023, 
11, 6.402890897761092, 6.402890899252018, 6.402890899252018, 
11, 5.4192493643742585, 5.419249364375419, 5.419249364375419, 
11, 12.092352141836233, 12.092352143145934, 12.416061962065793, 
MILP: 9.396519827994513 Buffered: 11.822740084392255
11, 9.396519827994513, 10.247512393349998, 11.607964142889164, 
11, 4.918744536902139, 4.918744536902095, 4.918744536902095, 
11, 5.565212045431943, 5.565212046088504, 5.565212046088504, 
11, 5.7341913044725565, 5.7341913044725565, 6.215501370151599, 
11, 7.59583666434981, 8.138437179027207, 8.138437179027207, 
MILP: 10.14310289308921 Buffered: 13.89017692917406
11, 10.14310289308921, 11.51689365053221, 16.338453042437166, 
11, 11.06541699215411, 11.065416993361884, 11.065416993361884, 
MILP: 13.915444672068299 Buffered: 16.343540743975872
11, 13.915444672068299, 15.134573816427832, 17.883797140872733, 
11, 4.301918189619107, 4.301918190630391, 4.301918190630392, 
11, 15.274608707935139, 15.274608707935137, 16.23346509133396, 
11, 12.884180678138758, 12.884180678138762, 14.258750019207127, 
MILP: 16.316926766368844 Buffered: 20.390374898926453
11, 16.316926766368844, 16.31692676636884, 19.57730350220594, 
MILP: 11.844559446524114 Buffered: 13.781793185753436
11, 11.844559446524114, 11.844559446524112, 12.057649333991996, 
MILP: 11.585522133489551 Buffered: 14.392026780839641
11, 11.585522133489551, 11.585522134748135, 20.35197090848696, 
MILP: 14.187078152215419 Buffered: 18.19645170040269
11, 14.187078152215419, 15.175000995828391, 19.26988643315759, 
11, 7.419895062408957, 7.419895062408957, 7.419895062408957, 
11, 5.8695315338453, 5.869531533847088, 5.869531533847088, 
11, 14.67769533578229, 14.677695335782435, 14.760927784451802, 
11, 12.573423160963006, 12.573423160963323, 13.000837637872113, 
11, 6.023847612407491, 6.023847612407474, 6.133391972106486, 
11, 5.780680031096767, 5.7806800310968605, 5.7806800310968605, 
11, 6.322430467337627, 6.322430467338892, 6.322430467338892, 
MILP: 10.319382378998796 Buffered: 12.724918174452647
11, 10.319382378998796, 11.937678750040575, 12.950904484655515, 
11, 7.887765357506212, 7.921637247703856, 7.921637247703856, 
11, 14.681246968332081, 14.681246968332434, 14.859986567471964, 
11, 11.052273307112914, 11.052273307113028, 11.160610616474973, 
11, 18.678260200741168, 18.67826020074117, 18.67826020074117, 
11, 7.02403145549107, 7.024031455491077, 7.024031455491077, 
11, 13.588140832113751, 13.588140832113858, 13.902907116953953, 
11, 8.10492990332649, 8.104929903326488, 8.86865845471202, 
MILP: 14.355536171867012 Buffered: 16.868705864926827
11, 14.355536171867012, 16.224387839582587, 17.679792414086144, 
11, 10.573238026945019, 10.57323802694502, 11.087787708330277, 
11, 4.643245923798757, 4.643245923798762, 4.643245923798762, 
MILP: 7.984092727354207 Buffered: 7.985350448758111
11, 7.984092727354207, 7.985350448758111, 8.186088120413524, 
11, 12.345971826305295, 12.345971826305295, 12.345971826305295, 
11, 12.682919530806407, 12.682919530806995, 12.682919530806995, 
MILP: 10.820878404399602 Buffered: 15.234900227317233
11, 10.820878404399602, 11.234774415668458, 15.661155829986576, 
11, 12.943628263985163, 12.943628263987202, 13.187840106757582, 
11, 10.332418337420952, 11.17286753549497, 12.61393949330404, 
11, 12.514466096267228, 12.514466096267247, 12.514466096267247, 
11, 6.873234953257698, 6.873234953257722, 6.873234953257723, 
MILP: 10.731779992097815 Buffered: 11.972677982267388
11, 10.731779992097815, 11.526960028008943, 11.703402678999808, 
11, 7.592291678535951, 7.592291678535981, 7.592291678535981, 
MILP: 5.610869937739197 Buffered: 6.318034407250327
11, 5.610869937739197, 5.620899019598846, 6.287101433476771, 
11, 7.392212396067844, 7.392212396067838, 7.392212396067838, 
11, 8.969014934804285, 8.969014934804285, 8.969014934804285, 
11, 5.31568165993593, 5.315681660567498, 5.487866909212307, 
11, 10.341523526632592, 10.341523526632592, 10.341523526632592, 
MILP: 16.64158435036027 Buffered: 17.16935551464834
11, 16.64158435036027, 16.667078464196535, 18.63501481230154, 
11, 18.284791218179834, 18.284791218179837, 19.02375666414703, 
MILP: 15.030516445572806 Buffered: 20.66361287704908
11, 15.030516445572806, 15.030516449286008, 18.837442616856883, 
11, 14.01375538366981, 14.013755383669823, 14.420665086233862, 
MILP: 7.19364230509858 Buffered: 7.195763503536471
11, 7.19364230509858, 7.197169352730054, 7.197169352730054, 
11, 6.280573592868587, 6.280573592868588, 6.280573592868588, 
11, 6.295380659807435, 6.295380659810908, 6.755716961040193, 
MILP: 12.67578690773864 Buffered: 15.532127241966089
11, 12.67578690773864, 13.375592747461154, 16.601861449386355, 
MILP: 11.796413773764318 Buffered: 11.814208143568594
11, 11.796413773764318, 11.796413773771219, 16.48539209381128, 
11, 9.9027676391321, 9.902767639132101, 9.902767639132101, 
11, 7.798839420205847, 7.79883942020599, 7.79883942020599, 
11, 10.461842382583406, 10.461842383740045, 11.090048793090444, 
11, 9.150461982013333, 9.150461982013331, 9.233915386450926, 
MILP: 15.635771116502738 Buffered: 16.201759367339616
11, 15.635771116502738, 15.903156533830343, 18.495902567516005, 
11, 13.227294215313867, 13.227294215314, 13.750504522374177, 
MILP: 14.122544942472835 Buffered: 15.414068775962564
11, 14.122544942472835, 16.02305461186671, 16.640964239927882, 
11, 9.575992360208396, 9.575992360208396, 13.523521225741074, 
11, 6.727336917138495, 6.727336917138495, 6.727336917138495, 
11, 11.447074093380799, 11.4470740933808, 11.4470740933808, 
11, 7.08601712589211, 7.086017125892151, 7.086017125892151, 
MILP: 19.085032758426447 Buffered: 20.843375107823363
11, 19.085032758426447, 20.377353617888577, 22.48944042381473, 
11, 9.662004564111662, 9.662004564111754, 9.662004564111754, 
11, 21.41651118767422, 21.416511187674217, 23.690846056975644, 
11, 18.714788733946165, 18.71478873395195, 23.936225780577928, 
11, 8.458713056176252, 8.458713056176249, 9.46762882192414, 
11, 11.30102112539445, 11.301021125396366, 12.476688778951875, 
MILP: 16.913347550395986 Buffered: 20.19840315921452
11, 16.913347550395986, 17.7600065089201, 24.98614353885681, 
11, 9.125349262085829, 9.125349262085829, 9.125349262085829, 
11, 10.207756576406062, 10.635871985262742, 10.207756576406066, 
11, 12.617453584860709, 12.617453584860769, 12.617453584860769, 
11, 14.475306866317336, 14.475306866317343, 14.582805588609787, 
MILP: 13.292708106162008 Buffered: 17.15209650087851
11, 13.292708106162008, 13.33077890609372, 15.756404911830348, 
11, 15.83778499209547, 15.83778499209547, 16.87653691445221, 
MILP: 12.498538841628944 Buffered: 14.600725481048942
11, 12.498538841628944, 12.866376774261402, 16.35639404174915, 
12, 12.048188332427085, 12.048188333732245, 12.048188333732245, 
MILP: 17.457176827029784 Buffered: 20.919501292902236
12, 17.457176827029784, 17.457176827029784, 23.03679170175824, 
12, 6.52458424382147, 7.1477316725612, 6.524584243821694, 
12, 18.16911831257319, 18.169118312583088, 20.170451338007375, 
12, 8.474669429935666, 8.474669429935744, 8.474669429935744, 
MILP: 15.230794127410789 Buffered: 16.525085250141903
12, 15.230794127410789, 16.458819023520732, 16.836279421145324, 
12, 5.372439680626551, 5.444615225526045, 5.444615225526045, 
12, 6.994903373885423, 6.994903373885423, 8.166062707091129, 
MILP: 23.078558822200225 Buffered: 26.24338298141188
12, 23.078558822200225, 23.078558822200222, 25.084550350907477, 
MILP: 9.559530457517802 Buffered: 10.777408873039326
12, 9.559530457517802, 9.559530457517802, 10.07660665620317, 
MILP: 8.437252665257084 Buffered: 14.697831499180545
12, 8.437252665257084, 8.85748583122311, 18.162894989774973, 
MILP: 10.904473886028233 Buffered: 17.852606799025917
12, 10.904473886028233, 12.529417464030349, 16.006120763250017, 
12, 9.23701699070856, 9.237016990708556, 9.237016990708556, 
MILP: 15.95853598435871 Buffered: 16.862850450204636
12, 15.95853598435871, 15.958657214226921, 20.042247871029588, 
12, 5.976406810002309, 5.976406811397594, 6.180950428627767, 
12, 9.527765029983629, 9.527765029983629, 9.527765029983629, 
MILP: 7.096410847833452 Buffered: 13.564877339858432
12, 7.096410847833452, 8.43315443528809, 14.83720673515218, 
12, 11.546648283257136, 11.546648283257136, 11.546648283257136, 
12, 9.477481198836001, 9.477481198836001, 9.87501719973285, 
12, 7.086339106485278, 7.086339106485278, 7.086339106485278, 
MILP: 8.740374466606726 Buffered: 15.265170678884438
12, 8.740374466606726, 9.267913181058653, 14.025854746183535, 
12, 17.890022381435053, 17.89002238143502, 20.087802759272325, 
12, 9.10728353315829, 9.107283533158448, 9.107283533158448, 
12, 11.51751190325354, 11.794708611833673, 12.26571252594143, 
MILP: 12.24669576415187 Buffered: 19.839923285969576
12, 12.24669576415187, 13.548434740504653, 15.903680449183046, 
12, 6.790400461931487, 6.790400461931505, 7.437473127977178, 
12, 14.611139878856008, 14.611139880417166, 19.848593944164957, 
MILP: 8.592489485149445 Buffered: 13.944009447276136
12, 8.592489485149445, 9.63527259862149, 12.649462466781587, 
12, 11.36207347180687, 11.362073471809149, 14.598456982978686, 
MILP: 10.637852121314305 Buffered: 13.744885515806512
12, 10.637852121314305, 10.767031056693044, 18.1029142588146, 
12, 7.709044950831294, 8.011261858021976, 8.011261858021976, 
MILP: 8.457082117520741 Buffered: 11.89897391909768
12, 8.457082117520741, 8.457082117520741, 8.599921895027876, 
MILP: 13.2511681015158 Buffered: 19.845945960123345
12, 13.2511681015158, 14.239674158173901, 20.60954367684662, 
12, 8.123844959105742, 8.123844959105785, 9.067471576504959, 
MILP: 16.020780027254073 Buffered: 18.29913385457813
12, 16.020780027254073, 18.39235791294839, 20.99765724179385, 
12, 6.563118646897308, 6.56311864765362, 6.56311864765362, 
MILP: 9.194325756643405 Buffered: 10.084093694686644
12, 9.194325756643405, 9.682527030036324, 10.66583420988015, 
12, 6.608423483414322, 6.6084234849392525, 6.6084234849392525, 
MILP: 17.456233769945896 Buffered: 21.009059950435052
12, 17.456233769945896, 17.505443451080154, 21.21078394148814, 
12, 14.426430392028692, 14.42643039202936, 15.111025693144166, 
12, 6.723053207908785, 6.72305320868109, 6.72305320868109, 
MILP: 8.907182096321923 Buffered: 11.157131256619182
12, 8.907182096321923, 9.536665413481302, 11.157131256619182, 
12, 14.908345886238632, 14.908345886238632, 16.255278660666747, 
MILP: 13.457812568704094 Buffered: 18.635360617880078
12, 13.457812568704094, 13.660605369316865, 15.510251625189078, 
MILP: 15.78102333613784 Buffered: 16.867578635458408
12, 15.78102333613784, 15.788007177805556, 16.25030388195227, 
12, 15.979144062755811, 15.97914406275644, 17.950889571241277, 
12, 11.349299545339957, 11.349299545340017, 12.070024463722675, 
MILP: 19.399247883193173 Buffered: 21.313726114605483
12, 19.399247883193173, 19.39924788319317, 20.868769569940785, 
12, 11.36279209430633, 11.36279209430633, 11.839059625291561, 
12, 8.030538620662496, 8.030538620662494, 8.030538620662494, 
MILP: 11.43598230303694 Buffered: 15.29051908258204
12, 11.43598230303694, 12.024335886695338, 12.9361908235507, 
12, 8.583113351798485, 8.583113351802346, 9.27151511162254, 
12, 5.32064686925488, 5.320646869887261, 5.320646869887261, 
12, 6.937692960991873, 6.937692960991887, 6.937692960991887, 
12, 10.970682370772366, 10.970682370772366, 10.970682370772366, 
12, 13.841830648551506, 13.841830648551788, 15.51632599787532, 
MILP: 12.809503499349569 Buffered: 18.515896229155583
12, 12.809503499349569, 13.16821276601409, 16.457438557642938, 
12, 8.04668030299767, 9.450096683614571, 11.134144465386258, 
12, 6.112305168858944, 6.126221479255635, 6.3605517831796625, 
MILP: 10.352829947784016 Buffered: 13.141362381068452
12, 10.352829947784016, 11.265858601061202, 13.273225829047458, 
12, 10.62505585326548, 10.625055853265476, 12.259214629554384, 
MILP: 16.231454943741102 Buffered: 18.167273704606707
12, 16.231454943741102, 17.155532977970836, 18.115691027763415, 
12, 12.983885138594989, 12.983885138595394, 15.256735375272122, 
12, 16.744897462475986, 16.744897462475986, 17.338279378569716, 
12, 16.979864573453227, 16.979864573454517, 17.320351019971934, 
12, 5.988188515701392, 5.988188516400935, 6.244619382083905, 
MILP: 12.005718805414626 Buffered: 17.058137013453596
12, 12.005718805414626, 14.395689172178098, 15.763360449007159, 
12, 5.637001163434838, 5.637001164098489, 5.637001164098489, 
12, 17.299013663372595, 17.299013663372595, 23.254249437146875, 
12, 10.201675557041751, 10.201675557041748, 11.379319868825917, 
MILP: 21.184114072554376 Buffered: 21.8719461818054
12, 21.184114072554376, 21.184114072554376, 22.297828805319355, 
12, 7.72563442685227, 7.725634426852393, 7.725634426852393, 
12, 21.349630861308416, 21.349630861308416, 21.740039422739567, 
12, 7.920622885932447, 7.920622885932456, 8.524070654955652, 
MILP: 7.400577427103546 Buffered: 7.722465206251888
12, 7.400577427103546, 7.400577427943651, 7.739988752001009, 
12, 8.24563396945139, 8.245633969451427, 8.569938000826692, 
12, 9.483076007038651, 9.483076008091901, 9.483076008091901, 
12, 8.41291962640791, 8.412919626407916, 9.911992222666527, 
MILP: 7.506892472600856 Buffered: 9.394336414197669
12, 7.506892472600856, 8.552390173300871, 10.417361665272155, 
MILP: 12.417937877421068 Buffered: 13.899598287916392
12, 12.417937877421068, 12.584164719470191, 14.930075535559697, 
12, 16.43286840816183, 16.432868408161827, 17.245706562669533, 
MILP: 6.2796332675951865 Buffered: 6.286142489868752
12, 6.2796332675951865, 6.812838825015234, 7.245268844378577, 
12, 5.755423854452001, 5.778818854124679, 5.950314084025242, 
12, 6.484755911618052, 6.484755911618052, 6.6654152016044055, 
12, 6.5900997851851875, 6.590099785944162, 7.167432645519439, 
12, 11.00272507910751, 11.002725079107744, 11.002725079107744, 
MILP: 11.536956227647314 Buffered: 13.839212706640515
12, 11.536956227647314, 11.536956227647313, 15.37244952607537, 
MILP: 18.10141617047923 Buffered: 19.539791144021127
12, 18.10141617047923, 18.574121576886053, 19.93771008732966, 
12, 12.984040623840196, 12.984040625238574, 12.984040625238574, 
12, 14.893386986463122, 14.893386986464142, 14.893386986464142, 
12, 5.150592549715764, 5.1505925497157925, 5.1505925497157925, 
12, 7.991100284311351, 7.991100285210464, 7.991100285210464, 
12, 10.715360398865204, 11.791276965226421, 12.868657827839575, 
MILP: 6.70966464091058 Buffered: 10.1942182477928
12, 6.70966464091058, 6.70966464168159, 10.470127141680372, 
12, 4.7720687629607745, 4.772068763538016, 4.772068763538016, 
12, 9.029481217505573, 9.029481217505575, 9.029481217505575, 
12, 14.689357540354063, 14.689357540354804, 15.297932830211476, 
MILP: 12.64337463862559 Buffered: 22.105182310989417
12, 12.64337463862559, 12.676935473954433, 17.82570546567258, 
12, 6.7222202845164105, 7.252713830152965, 7.316675588051645, 
MILP: 18.362434637876618 Buffered: 20.822783685980593
12, 18.362434637876618, 18.362434637876618, 22.16494540659175, 
13, 13.385327737449995, 13.385327737449996, 14.267125075233904, 
MILP: 12.731888679064577 Buffered: 16.392451386079046
13, 12.731888679064577, 13.57439055782241, 19.574313811441083, 
13, 7.209362081005274, 7.4918475212813584, 7.32448921006898, 
13, 4.734020013853047, 4.734020014426484, 4.734020014426484, 
MILP: 15.703697573663284 Buffered: 20.221954965782857
13, 15.703697573663284, 16.19576601489829, 23.232969429313442, 
MILP: 14.302134335618366 Buffered: 20.257286285685396
13, 14.302134335618366, 15.744845508015402, 17.14121067910048, 
MILP: 7.7233581562061655 Buffered: 8.741749541591634
13, 7.7233581562061655, 8.24577550896676, 8.869794634523426, 
13, 5.321037433275871, 5.32103743327583, 5.32103743327583, 
MILP: 17.446294980021296 Buffered: 21.789077904401722
13, 17.446294980021296, 18.43000576612908, 22.02585333751648, 
13, 13.176924148897825, 13.663328053890911, 15.343266301608308, 
13, 16.96116989410694, 16.96116989410731, 22.694265934656535, 
MILP: 12.70070954803737 Buffered: 14.032092908466634
13, 12.70070954803737, 12.970280774056317, 13.338605803005153, 
MILP: 10.738331272571147 Buffered: 17.283518002027122
13, 10.738331272571147, 11.039801758095892, 17.28637094260008, 
MILP: 15.449086421960269 Buffered: 24.95355171286044
13, 15.449086421960269, 16.836794237835772, 29.17462909994046, 
MILP: 16.125172564830105 Buffered: 22.725390655015413
13, 16.125172564830105, 18.198009552151085, 22.23707005140831, 
13, 8.951047497106336, 8.951047498101534, 8.951047498101534, 
13, 6.938428880831436, 6.980895372092005, 6.938428881625353, 
13, 6.734682490429822, 6.734682490429821, 6.734682490429821, 
13, 8.040743554603019, 8.040743554603534, 8.040743554603534, 
13, 16.265199878216237, 16.26519987994546, 17.84002667328087, 
13, 16.595924380155274, 16.595924380155274, 16.678071697681197, 
13, 10.241415725237642, 10.241415725237959, 11.246146484151408, 
13, 7.903061811382091, 8.474286086081962, 8.97659750986427, 
13, 11.702695793389665, 11.702695794659935, 12.813236798772174, 
MILP: 7.083111026933461 Buffered: 12.899055019771343
13, 7.083111026933461, 8.329345064689232, 13.113550745131551, 
13, 8.023308439836043, 8.023308439836043, 8.023308439836043, 
MILP: 20.61769642041038 Buffered: 26.63986981681105
13, 20.61769642041038, 20.617696420410375, 25.51897351577591, 
13, 26.402815580436396, 26.4028155804364, 26.4028155804364, 
13, 10.780819028555367, 10.780819028555365, 10.780819028555365, 
MILP: 9.94094734725419 Buffered: 13.053775975652787
13, 9.94094734725419, 9.940947347254198, 17.60588697399224, 
MILP: 10.081106396869838 Buffered: 14.512298279282458
13, 10.081106396869838, 10.2855044369871, 13.251642688624353, 
MILP: 17.324031063733003 Buffered: 19.67538631753419
13, 17.324031063733003, 17.936096043671725, 19.50807887856206, 
13, 9.882461439521466, 9.882461439521663, 9.882461439521663, 
13, 10.863793874593041, 10.871859203941348, 11.379739464865997, 
MILP: 7.745986631169894 Buffered: 11.007488001161793
13, 7.745986631169894, 7.880350396503483, 7.880350396503483, 
MILP: 8.861823990477207 Buffered: 14.341450820983686
13, 8.861823990477207, 11.43943082739429, 12.194252038184587, 
13, 10.510342642374539, 11.044186704349652, 11.715073351622072, 
MILP: 9.680488856483075 Buffered: 13.292865326372551
13, 9.680488856483075, 10.081869693944052, 14.297745163029413, 
MILP: 12.340744711740296 Buffered: 14.123393700780067
13, 12.340744711740296, 12.708810002412, 13.741467283276082, 
13, 5.981409370493491, 5.981409371191685, 5.992033867699265, 
13, 11.73330531336385, 11.733305314653991, 12.229579080937725, 
13, 6.869800523537302, 6.869800523537301, 6.869800523537301, 
13, 8.022814126130296, 8.108196079503248, 8.022814126130294, 
13, 7.22987005932942, 7.229870059332942, 8.072858457534137, 
MILP: 8.080255037256316 Buffered: 15.600227970784378
13, 8.080255037256316, 8.901933744031522, 14.006983861035831, 
13, 10.729797433362105, 10.729797434535175, 10.729797434535175, 
13, 11.95548207581679, 11.955482077112334, 12.320473031026358, 
13, 10.618685765503752, 10.618685766666026, 10.618685766666026, 
13, 18.407799266374127, 18.407799266374127, 18.987416251177944, 
13, 11.056848731181555, 11.056848731181557, 11.536433353024076, 
13, 6.361228046208064, 6.361228046208106, 6.385102035103074, 
MILP: 10.523881504282231 Buffered: 12.230528491151748
13, 10.523881504282231, 10.523881504282254, 12.242586546962592, 
MILP: 16.85305279395737 Buffered: 18.97146960850058
13, 16.85305279395737, 17.998933060529012, 20.45390481496896, 
13, 12.298151825887071, 12.298151825887071, 12.446950161019561, 
13, 12.73965633568332, 12.739656335683314, 13.868481502458689, 
13, 7.289022442459192, 7.289022442459206, 7.585489065243061, 
13, 6.800275034515871, 6.955538592603641, 6.8002750345158915, 
MILP: 7.882446527360532 Buffered: 11.480228946116496
13, 7.882446527360532, 7.882446527360531, 12.371562767536846, 
13, 5.4111544949653645, 5.411154496247595, 5.411154496247595, 
MILP: 8.15809454632996 Buffered: 11.004216165914281
13, 8.15809454632996, 8.158094549680616, 10.85556993443539, 
MILP: 8.910597328838959 Buffered: 12.107171840496314
13, 8.910597328838959, 8.931136294763432, 12.004024952658089, 
MILP: 8.072707520270786 Buffered: 13.056183897729337
13, 8.072707520270786, 8.07270752200545, 13.059937951271277, 
MILP: 22.681202265906794 Buffered: 29.339999173838084
13, 22.681202265906794, 25.16583302667958, 27.91772368155, 
MILP: 13.60723925706002 Buffered: 20.971786469611157
13, 13.60723925706002, 13.860493161743744, 19.62951446481625, 
13, 6.039759791056411, 6.039759792626359, 6.03975979262636, 
