MILP, Tercio, Search
4, 6.223338638001719, 6.223338638002003, 6.223338638002003
4, 5.68638108309095, 7.32430737809996, 7.32430737809996
4, 3.6842936755364084, 3.6842936755364573, 3.6842936755364573
4, 6.281758054793224, 6.281758054793224, 6.281758054793224
4, 5.045897900881741, 5.045897900881741, 5.045897900881741
4, 7.318627724631695, 7.318627724631695, 7.318627724631695
4, 12.031147231048754, 12.031147231049012, 12.031147231049012
4, 4.530506478655686, 4.530506478655687, 4.530506478655687
4, 2.3480785491123837, 2.3480785491139797, 2.3480785491139797
4, 6.1627861808406, 6.1627861808406, 6.1627861808406
4, 11.718815591711792, 11.718815591711838, 11.718815591711838
4, 7.919771528466127, 7.919771528466127, 7.919771528466126
4, 5.786759376525879, 5.7867594007327625, 5.7867594007327625
4, 3.3360128739487926, 3.3360128739487926, 3.3360128739487926
4, 6.386455037318921, 6.8947407761104245, 6.386455037318921
4, 5.901807270176635, 5.901807270176648, 5.901807270176648
4, 5.900925920578777, 5.900925920578803, 5.900925920578803
4, 3.8210958535336115, 3.8210958535336332, 3.8210958535336332
4, 3.6079783761038193, 3.6079783765646267, 3.6079783765646267
4, 9.098688217835363, 9.098688217835367, 9.098688217835367
4, 5.6506006064497445, 5.6506006064513254, 5.6506006064513254
4, 3.7323431255294017, 3.732343126002671, 3.732343126002671
4, 3.4671341335202355, 3.467134133521376, 3.467134133521376
4, 7.550641021064771, 7.550641021064771, 7.550641021064771
4, 3.5160459847295695, 5.081007164174532, 3.5160459847297973
4, 2.7457579906497793, 2.7457579906497798, 2.7457579906497798
4, 8.449211549243554, 9.451773695633952, 8.4492115492447
4, 8.537774549328281, 8.537774549328281, 8.537774549328281
4, 4.999626321853795, 4.999626321853956, 4.999626321853956
4, 5.593102865460355, 6.239214190187041, 5.593102865460341
4, 4.7439989432608884, 4.743998943260923, 4.743998943260922
4, 7.0470285635361485, 7.0470285635361485, 7.0470285635361485
4, 4.552828978470611, 4.552828978470611, 4.552828978470611
4, 5.935349022341328, 5.935349022341328, 5.935349022341328
4, 9.223014444730012, 9.223014445752492, 9.22301444575249
4, 4.156548326020825, 4.156548326020825, 4.156548326020825
4, 2.3559556007385254, 2.355955649246219, 2.355955649246219
4, 3.634059008790112, 3.634059008790112, 3.634059008790112
4, 5.311022347085327, 5.311022347716907, 5.311022347716907
4, 3.248583021613743, 3.248583021613743, 3.248583021613743
4, 4.756259918212891, 4.756260030007555, 4.756260030007555
4, 5.249306365248091, 5.444843211753792, 5.249306365249614
4, 5.971070912084507, 5.97107091208451, 5.97107091208451
4, 4.005996006205473, 4.005996006205535, 4.005996006205535
4, 3.0668677158642366, 3.0668677158642383, 3.0668677158642383
4, 7.734879569047062, 7.734879569047102, 7.734879569047102
4, 6.642001875757726, 6.642001875757726, 6.642001875757726
4, 5.511978118317677, 5.511978118317677, 5.511978118317677
4, 7.1535003095962955, 7.1535003095963265, 7.1535003095963265
4, 2.2494360121559103, 2.2494360121571177, 2.2494360121571177
4, 3.378631326392548, 3.378631326392548, 3.378631326392548
4, 12.17303226937829, 12.17303226937829, 12.17303226937829
4, 3.9772426022842193, 3.9772426022842193, 3.9772426022842193
4, 5.3640395540966335, 5.3640395540980865, 5.3640395540980865
4, 4.534543351497146, 4.534543351497148, 4.534543351497148
4, 5.604740627680067, 5.6047406276800595, 5.6047406276800595
4, 5.420610589094385, 5.4206105890944025, 5.4206105890944025
4, 4.609117006056277, 5.43397467216871, 4.609117006056292
4, 7.4216658878046164, 7.4216658878046164, 7.4216658878046164
4, 6.949885126517315, 6.949885126517339, 6.949885126517339
4, 3.4862565394690943, 3.4862565394690943, 3.4862565394690934
4, 5.174920945416821, 5.174920945416821, 5.174920945416821
4, 2.359095811843872, 2.3590958611114834, 2.3590958611114834
4, 7.519699758474154, 7.519699758474212, 7.519699758474212
4, 14.618254489489278, 14.618254489492202, 14.6182544894922
4, 7.529483216091028, 7.529483216091028, 7.529483216091028
4, 6.382654339788835, 6.382654339788787, 6.382654339788787
4, 4.0712709358948675, 4.071270935894909, 4.071270935894909
4, 4.94445916906079, 5.992876335519371, 4.944459169060824
4, 6.906470720304875, 6.906470720304874, 6.906470720304874
4, 6.279226116982605, 6.27922611698286, 6.279226116982859
4, 4.697498174293752, 7.283875550908095, 4.697498174293763
4, 4.480503087996486, 4.48050308799652, 4.48050308799652
4, 3.187184380328641, 3.1871843803286426, 3.1871843803286426
4, 3.675391402675332, 4.169681844990672, 3.675391402675332
4, 6.497776433204091, 9.391502468973536, 6.497776433204161
4, 6.108163492992832, 6.108163492992832, 6.108163492992832
4, 9.299890704535521, 9.299890704535521, 9.299890704535521
4, 4.115986188922324, 4.115986188922324, 4.1159861889223235
4, 3.116561614059359, 4.319818219830817, 3.116561614059359
4, 2.428282300575704, 2.428282300575704, 2.428282300575704
4, 6.249606978484182, 6.249606978484236, 6.249606978484236
4, 10.923013563131722, 10.923013563132013, 10.923013563132013
4, 9.902518753756, 11.941020276462059, 9.902518753756
4, 2.9106380939483643, 2.9106381151370977, 2.9106381151370977
4, 3.127927236123999, 3.1279272361240222, 3.1279272361240222
4, 5.23571692350486, 5.235716924128827, 5.235716924128826
4, 2.8952127775169565, 2.895212777516956, 2.895212777516956
4, 5.569605042498861, 5.569605042498868, 5.569605042498868
4, 6.370372919858253, 6.370372919858742, 6.370372919858741
4, 8.448518082319175, 8.448518082319215, 8.448518082319215
4, 5.420549383168574, 5.4205493831685745, 5.4205493831685745
4, 5.019371318917902, 5.019371318917903, 5.019371318917903
4, 10.921639596699588, 10.921639596701702, 10.921639596701702
4, 2.7772693163554845, 2.7772693163554845, 2.7772693163554845
4, 11.686677416411737, 11.68667741641171, 11.686677416411708
4, 5.135763356763206, 5.135763356763206, 5.135763356763206
4, 4.540109024104158, 4.540109024104648, 4.540109024104648
4, 7.086966064018429, 7.086966064018508, 7.086966064018508
4, 6.524292622477087, 6.524292623229676, 6.524292623229676
5, 9.612280373498187, 10.192233845511831, 9.612280373498187
5, 7.40289736011558, 7.4028973609627915, 7.402897360962791
5, 10.713117382708162, 10.713117383879528, 10.713117383879528
5, 10.311411270609197, 10.311411270612588, 10.311411270612588
5, 9.8950964033865, 9.89509640338646, 9.89509640338646
5, 2.5641266617700484, 2.5641266617700564, 2.5641266617700564
5, 7.192108507607569, 7.192108507607569, 7.192108507607569
5, 4.947142680345307, 5.574550076744266, 4.947142680345307
5, 4.590409377517736, 5.3529395481232775, 4.590409377517736
5, 7.206592326039759, 7.206592326040071, 7.20659232604007
5, 4.596635603016202, 4.596635603016202, 4.596635603016202
5, 7.587394033936579, 7.587394033938704, 7.587394033938704
5, 11.624982015235727, 11.624982016498237, 11.624982016498237
5, 4.050582373351953, 5.195559959591318, 4.0505823733518715
5, 7.300232245822688, 7.300232246652851, 7.300232246652851
5, 5.512530485765507, 5.512530485765582, 5.512530485765582
5, 9.196716712034744, 9.19671671306006, 9.196716713060058
5, 4.0117999486333975, 4.011799948633413, 4.011799948633413
5, 5.134207926322172, 5.134207926322198, 5.134207926322198
5, 2.6173604821965606, 3.101340728676102, 2.617360482197664
5, 5.774491801917229, 7.663085108569486, 5.7744918019172555
5, 3.8935219798755174, 3.8935219798755174, 3.8935219798755174
5, 8.068235322156115, 8.06823532306299, 8.06823532306299
5, 7.617646092079388, 8.44064050784753, 7.617646092081219
5, 3.899208435696065, 5.10463729466283, 3.8992084356960754
5, 3.223601356264607, 3.2236013562646075, 3.2236013562646075
5, 3.2441559425918687, 3.2441559425918784, 3.2441559425918784
5, 10.101282966663385, 10.101282966663586, 10.101282966663586
5, 3.488554828958679, 3.488554828958679, 3.488554828958679
5, 4.452236376273743, 4.452236376273796, 4.452236376273796
5, 6.425102791199258, 6.425102791199258, 6.425102791199258
5, 6.602700390792982, 7.935661579437535, 6.6027003907929815
5, 4.155785024010225, 4.155785024010263, 4.155785024010263
5, 7.0800317281990095, 7.080031729467821, 7.080031729467821
5, 9.917922886380394, 9.917922886383709, 9.917922886383709
5, 11.336915696092786, 11.438415249750207, 11.336915696098107
5, 5.6264930513282225, 6.50240497655861, 5.626493051328189
5, 4.57016454285197, 4.570164542852668, 4.570164542852668
5, 10.316971127239917, 10.316971128371673, 10.316971128371671
5, 4.834550216447187, 7.7507419314358454, 4.834550216447182
5, 5.056530124564781, 6.159649837049858, 5.056530124566082
5, 6.974353917600258, 6.974353917600876, 6.974353917600876
5, 6.437304130205922, 6.4373041302059235, 6.437304130205922
5, 9.929567128362246, 9.92956712945625, 9.92956712945625
5, 6.60243148967197, 6.602431490433196, 6.602431490433196
5, 5.9206667654345795, 5.9206667654364615, 5.9206667654364615
5, 3.9157363258943287, 3.915736325894329, 3.915736325894329
5, 3.4533038965915406, 3.4533038965920064, 3.453303896592006
5, 8.012514655155348, 8.012514655155346, 8.012514655155346
5, 8.006678072513237, 8.45034651009193, 8.00667807251357
5, 9.660648405104965, 9.660648405111129, 9.660648405111129
5, 6.5758938390399875, 6.575893839043484, 6.575893839043483
5, 9.560940384630221, 9.560940385686333, 9.560940385686333
5, 8.395656021485232, 9.768078645131915, 8.395656021492583
5, 3.973985195159912, 3.9739852694168984, 3.9739852694168984
5, 6.9724935595385915, 6.972493559542455, 6.972493559542455
5, 6.813547287189167, 6.8135472871891665, 6.8135472871891665
5, 6.047706509620641, 6.0477065096206815, 6.0477065096206815
5, 7.864912047641212, 7.864912047643834, 7.864912047643834
5, 7.663429190784882, 7.663429190784935, 7.6634291907849335
5, 3.177154064178467, 3.1771541020373197, 3.1771541020373197
5, 9.721347129007945, 9.721347129007945, 9.721347129007945
5, 6.552628652546631, 6.552628652546634, 6.552628652546634
5, 7.242160665205492, 7.242160666029756, 7.242160666029756
5, 6.468216626843646, 6.468216626843679, 6.468216626843679
5, 4.89463577024924, 4.894635770249223, 4.894635770249223
5, 13.138461030804427, 13.138461030804427, 13.138461030804425
5, 3.6625977115792043, 5.187369493365225, 3.662597711579193
5, 7.252700422457778, 8.930124373409924, 7.25270042328304
5, 11.72256244837401, 11.722562448373987, 11.722562448373987
5, 6.243545564492801, 9.680457607559875, 6.243545564492828
5, 9.44927684780814, 9.449276847808141, 9.449276847808141
5, 6.909460932170888, 6.909460932171185, 6.909460932171185
5, 10.433332644974971, 10.433332647319478, 10.433332647319478
5, 10.688512306719833, 10.688512306719833, 10.688512306719831
5, 7.916640991333875, 7.916640991333951, 7.916640991333951
5, 4.008393016275105, 4.008393016275121, 4.008393016275121
5, 7.436133697677839, 7.893954507898808, 7.436133697677864
5, 5.11181505254108, 7.4877210683560715, 5.111815052541079
5, 10.25617638311138, 13.905905976164034, 10.256176383111395
5, 5.744920849018711, 5.744920849019271, 5.744920849019271
5, 6.70405028453815, 8.787371579224708, 8.787371579224708
5, 9.121675952204606, 11.827081059290965, 9.121675952204606
5, 6.755968206173086, 7.443651457708266, 6.755968206174465
5, 6.303878440998171, 7.351927775303338, 6.303878441011885
5, 4.9317295612277885, 4.9317295612277885, 4.9317295612277885
5, 5.869028915608277, 5.869028915608278, 5.869028915608278
5, 8.252011647127645, 8.252011647128988, 8.252011647128988
5, 8.264726944834965, 8.264726944835026, 8.264726944835026
5, 4.886739240320815, 4.886739240321974, 4.886739240321974
5, 2.7542264461517334, 3.465071257742289, 2.7542265650812827
5, 7.808510971586267, 7.80851097246803, 7.80851097246803
5, 4.939590962392575, 4.939590962392575, 4.939590962392575
5, 4.640431474313179, 4.640431474313195, 4.640431474313195
5, 4.4277270401624875, 4.427727040162544, 4.427727040162544
5, 9.434223921155814, 9.434223921155693, 9.434223921155693
5, 7.791180035752218, 9.9098062284072, 7.791180035752216
5, 5.988994039352354, 5.988994039352597, 5.988994039352597
5, 8.116725221259605, 8.116725221259873, 8.116725221259873
5, 5.9534421819455146, 5.953442181945615, 5.953442181945615
6, 5.555921423322329, 9.509637064519632, 5.555921423322329
6, 4.6159819808066365, 8.168140370555559, 4.615981980806636
6, 9.527469013840797, 10.48348755940207, 9.527469013840836
6, 12.597493957431746, 12.597493958791695, 12.597493958791695
6, 7.123891244453484, 9.431750973217252, 9.431750973217252
6, 8.75024763509626, 9.966042746670489, 8.75024763509626
6, 8.723223095177444, 8.723223097273925, 8.723223097273923
6, 6.233854263732775, 9.063650979197213, 6.233854263732775
6, 17.22809693981296, 17.228096939812957, 17.228096939812954
6, 8.779024016934567, 8.779024017920309, 8.779024017920309
6, 7.179422618465873, 9.155668573617588, 7.179422618465889
6, 3.683931256140337, 5.4302505559222185, 4.632994853481508
6, 6.735612095303247, 7.5941651064608395, 6.73561209530462
6, 6.923859742964625, 6.923859743761729, 6.923859743761728
6, 4.645593699146419, 4.645593699146418, 4.645593699146418
6, 15.187905766877261, 15.187905766877947, 15.187905766877947
6, 5.6704231759622505, 5.670423176629293, 5.670423176629293
6, 7.823259201972942, 7.823259201973059, 7.823259201973057
6, 5.208308267630101, 5.208308267630141, 5.208308267630141
6, 10.879001981856458, 13.081481314277022, 10.879001981859348
6, 9.050601713450478, 9.6102239170843, 9.050601714466882
6, 4.548850857289624, 4.5488508572919395, 4.5488508572919395
6, 8.252795212945882, 8.252795213871027, 8.252795213871027
6, 5.4967760201486415, 6.369277109230111, 5.496776020153436
6, 4.636905064451324, 4.636905064451324, 4.636905064451324
6, 14.378753600956587, 14.378753605437801, 14.378753605437797
6, 4.72006411332287, 4.720064113322984, 4.720064113322984
6, 8.56077649251695, 8.560776492517002, 8.560776492517002
6, 12.513736372164772, 12.513736372164768, 12.513736372164768
6, 4.683740761882667, 5.793913758330431, 4.6837407618826665
6, 7.438561554058688, 8.185927947496657, 7.438561554912317
6, 3.858720629025945, 4.2382598075455995, 3.858720629025947
6, 9.487810916780802, 9.487810916780825, 9.487810916780825
6, 6.933296561139228, 6.933296561142757, 6.933296561142757
6, 6.431975180858935, 6.431975180858933, 6.431975180858933
6, 3.5288850882037863, 3.528885088203829, 3.528885088203829
6, 7.087769243339603, 7.968416492862639, 7.087769243339609
6, 9.099980722840572, 9.509957808256685, 9.099980723855516
6, 4.740774946083692, 5.027878677898027, 4.7409792968135545
6, 6.544623098556801, 6.54462309931127, 6.54462309931127
6, 6.730619197261007, 6.730619197262144, 6.730619197262144
6, 3.850196052148229, 3.8501960521482306, 3.8501960521482306
6, 3.4880260799375487, 5.114737577755399, 3.4880260799375464
6, 6.089391432883855, 6.089391432883855, 6.089391432883855
6, 15.265468805422834, 16.721799716069395, 15.265468807049434
6, 6.793454457504984, 7.496431842400085, 6.793454457504984
6, 3.3197677099894336, 5.327526838825589, 3.319767710421419
6, 5.321020532259382, 5.321020532259395, 5.321020532259395
6, 4.406440814888218, 4.406440814888218, 4.406440814888218
6, 9.621905927636426, 9.621905928706882, 9.62190592870688
6, 9.103667341994491, 9.103667341994434, 9.103667341994434
6, 14.105780657305598, 14.105780658828738, 14.105780658828735
6, 6.7561505480035, 9.296721295789327, 6.7561505480035
6, 3.048028840715275, 4.715019505223949, 3.048028840715275
6, 3.545756597736146, 3.545756597736146, 3.545756597736146
6, 9.825559327288312, 9.82555932728861, 9.82555932728861
6, 7.62379162973489, 8.405663903725731, 7.623791629734857
6, 10.141192843244372, 10.141192843244381, 10.141192843244381
6, 7.692206328693862, 8.95500480699426, 7.692206331282277
6, 4.559887505950569, 4.559887505950625, 4.559887505950625
6, 10.560695538205355, 10.560695539367916, 10.560695539367916
6, 3.4396044367533762, 3.4396044367533762, 3.4396044367533762
6, 9.007810598843118, 9.007810599843914, 9.007810599843914
6, 5.363740607494309, 7.326353056527866, 5.363740607494309
6, 5.398964931242641, 6.087762810903001, 5.398964931242645
6, 3.739725234605113, 4.550111003438438, 4.550111003438438
6, 10.66825722063314, 10.66825722180197, 10.66825722180197
6, 7.688837203146491, 7.688837203149165, 7.688837203149165
6, 3.217495637431605, 3.217495637431605, 3.217495637431605
6, 8.478559605430469, 8.478559606378425, 8.478559606378425
6, 9.911094081895898, 9.911094081900798, 9.911094081900798
6, 9.580408460447744, 10.774630189195252, 9.580408460447744
6, 6.88670493347171, 6.8867049342684705, 6.88670493426847
6, 9.807256126571312, 10.897606805299965, 9.807256126574561
6, 11.229827132935524, 12.180530370399854, 11.229827132935558
6, 5.672017969978671, 5.67201796997867, 5.67201796997867
6, 8.648127029293493, 8.787940245247874, 8.787940245247874
6, 13.035507431117843, 13.531877002532552, 13.035507431130997
6, 7.627735547748521, 7.627735547748513, 7.627735547748513
6, 3.008169346292366, 3.9757168866413717, 3.008169346292487
6, 5.117824421785981, 5.117824421787375, 5.117824421787375
6, 9.718972425450985, 9.718972425451856, 9.718972425451856
6, 9.216916230676416, 10.404225031416281, 9.216916230676416
6, 8.342504526763566, 9.894140213036692, 8.342504527697761
6, 5.433989895319, 5.433989895319, 5.433989895319
6, 4.004867771505484, 4.004867771505488, 4.004867771505488
6, 4.25294374030193, 4.252943740301985, 4.252943740301985
6, 5.667020800022002, 8.674395618439105, 6.828888042275129
6, 6.406319686561331, 8.882710547094728, 7.317229670483899
6, 7.191195381266219, 7.19119538209031, 7.191195382090309
6, 10.316426396262884, 10.316426396263147, 10.316426396263147
6, 9.542004005389336, 9.542004005389337, 9.542004005389336
6, 10.804221191525944, 10.80422119152648, 10.80422119152648
6, 7.413925155308759, 8.460799116670078, 7.413925155308714
6, 9.530283992632095, 9.530283992632265, 9.530283992632265
6, 3.8540481723390125, 3.8540481728263347, 3.8540481728263347
6, 7.295431813412984, 8.538369543765539, 7.295431813413023
6, 4.461316436839168, 4.46131643683924, 4.46131643683924
6, 4.085391715382558, 4.085391715891097, 4.085391715891097
6, 4.809437504940353, 4.809437504940376, 4.809437504940376
7, 9.452409179924922, 9.452409179925585, 9.452409179925585
7, 9.49799289607238, 9.503303606865671, 9.503303606865671
7, 7.435239323896798, 8.166231922272598, 8.166231922272598
7, 7.469629748986646, 10.3439461493957, 7.469629748995342
7, 6.373620225102155, 6.373620225839517, 6.373620225839517
7, 11.062705125260383, 11.80978883764212, 11.062705125262772
7, 9.422820779388797, 9.422820780431241, 9.422820780431241
7, 8.77037494413749, 8.7703749441515, 8.7703749441515
7, 6.030982282000074, 6.030982282003992, 6.030982282003992
7, 5.046584372400538, 5.875023414069554, 5.875023414069554
7, 7.841031108932837, 7.841031108932845, 7.841031108932845
7, 12.190157926914015, 12.190157930027098, 12.190157930027098
7, 11.9048578303812, 14.993430388454378, 11.904857834163465
7, 6.1686847603976265, 6.1686847603978645, 6.1686847603978645
7, 11.643112757524998, 11.643112757535617, 11.643112757535617
7, 14.671782932690244, 22.23081270234792, 14.671782935909043
7, 10.0439750895575, 13.103462496736011, 10.04520802352972
7, 8.161423267154852, 8.739220577594116, 8.161423268073031
7, 4.974734584893497, 4.9747345848935, 4.9747345848935
7, 6.629130358868891, 7.308293533863909, 6.629130359633138
7, 8.039599356328303, 10.434167965398753, 10.434167965398753
7, 9.49056251405828, 13.348446083522395, 11.32571283393016
7, 3.4484870629473363, 3.4484870633921862, 3.4484870633921862
7, 13.595227824986445, 14.395895998798892, 13.595227826446425
7, 8.616185225560388, 8.616185227775516, 8.616185227775516
7, 15.569680973143885, 18.40059726829139, 15.569680973143893
7, 9.527409879523452, 10.401505582075055, 9.52740987952345
7, 4.077971827647345, 4.228033472368944, 4.228033472368944
7, 8.406810198438809, 8.406810199379501, 8.406810199379501
7, 10.57646528851883, 10.576465288525986, 10.576465288525984
7, 7.760100680454186, 7.760100681330858, 7.760100681330858
7, 4.639423741573334, 6.832116114941153, 4.806246935622178
7, 4.104428945714302, 5.087394849089786, 4.104428945714304
7, 4.767628794138048, 4.767628794138066, 4.767628794138066
7, 8.910111897014572, 8.910111898007187, 8.910111898007187
7, 8.85328877504261, 8.85328877504261, 8.85328877504261
7, 11.990336461570642, 12.962275376633295, 11.990336461570763
7, 7.103498423463419, 10.637567327330032, 7.103498423464144
7, 8.310838847954825, 12.206049177862255, 11.140634162812425
7, 8.351175647577017, 9.61194601328125, 9.61194601328125
7, 9.51258648937638, 9.512586491992394, 9.512586491992394
7, 9.360750837460444, 9.360750837460536, 9.360750837460536
7, 7.682554211915395, 8.999613075911286, 7.682554211915397
7, 9.263624217119043, 9.263624217119085, 9.263624217119085
7, 17.37736828354612, 17.37736828538959, 17.377368285389586
7, 8.493951054028908, 10.282330479146738, 9.515600818410087
7, 10.548585314875996, 12.527769735849148, 10.54858531487615
7, 10.710054753987702, 10.710054755164395, 10.710054755164393
7, 10.147060631315858, 10.14706063131586, 10.14706063131586
7, 6.22640344653604, 6.22640344653604, 6.22640344653604
7, 13.420439354736683, 15.2277406785143, 13.42043935617873
7, 7.729798506542735, 8.332371071670586, 7.729798506547753
7, 6.445717647551049, 7.344848996261337, 6.445717647551053
7, 9.193521656067336, 10.898038207320663, 10.039106692634865
7, 7.129300463520213, 8.290251208245575, 7.129300463520499
7, 3.755866214617848, 6.31455847528451, 3.7558662146178485
7, 14.013047204121408, 14.029443163696824, 14.013047204131526
7, 9.50701991826123, 12.544440072285152, 12.544440072285152
7, 4.524928664892338, 4.524928664892338, 4.524928664892338
7, 9.999809916323242, 9.999809917434401, 9.999809917434401
7, 7.9363955651915745, 7.936395566085214, 7.936395566085214
7, 15.172063721707303, 15.172063724798528, 15.172063724798527
7, 3.6964012758247904, 3.6964012758247904, 3.6964012758247904
7, 4.933219440059116, 5.8692526021238045, 4.933219440059155
7, 7.23501388771246, 8.424520841850754, 7.235013887713864
7, 17.545934085090718, 19.52080269139007, 17.545934086945348
7, 13.728439921310091, 13.728439922784037, 13.728439922784037
7, 14.452690728062407, 14.452690731849202, 14.4526907318492
7, 16.85411084217138, 16.854110843959432, 16.854110843959432
7, 4.6100729354138, 4.61007293597483, 4.61007293597483
7, 5.567834623561408, 7.168597835688603, 7.168597835688603
7, 4.591355677875151, 6.71874201102664, 4.591355677875151
7, 7.005654710828284, 8.253001907443373, 8.253001907443373
7, 4.039386020348408, 4.039386020852347, 4.039386020852347
7, 7.369164506046633, 8.979953670119926, 7.369164506046596
7, 7.778973706748124, 7.778973707628646, 7.778973707628646
7, 11.653665494680926, 14.457868632070008, 12.335539692748167
7, 9.625744024589222, 9.625744025655612, 9.625744025655612
7, 9.40309897365772, 9.403098974707166, 9.403098974707166
7, 4.241063135843154, 7.173424478794651, 4.241063136367556
7, 10.050660904088668, 10.050660904091101, 10.0506609040911
7, 9.84683740931889, 9.846837409325842, 9.846837409325842
7, 5.568209682113119, 5.568209682772185, 5.568209682772185
7, 5.0311041659873075, 5.031104165987355, 5.031104165987355
7, 7.46008502622557, 7.460085026225683, 7.460085026225683
7, 5.743244779458583, 8.175705808918082, 5.743244780874768
7, 3.346952970266303, 3.3469529702678362, 3.3469529702678362
7, 8.859591842111879, 8.85959184211559, 8.85959184211559
7, 6.598818736138718, 6.598818736138718, 6.598818736138718
7, 14.134690161886482, 14.134690166548234, 14.134690166548232
7, 9.693989693180113, 10.714467900579045, 9.693989693180109
7, 9.537993417565563, 9.537993419857916, 9.537993419857916
7, 6.891556242381267, 6.8915562423812675, 6.891556242381267
7, 10.858536950720014, 10.85853695367431, 10.858536953674307
7, 7.533662526115735, 9.192742747436732, 7.533662526969089
7, 8.213680029765996, 8.213680032329385, 8.213680032329385
7, 9.947193417154828, 9.947193418249785, 9.947193418249784
7, 6.268348510239474, 10.065678095100584, 6.268348512424202
7, 9.625692621715972, 9.62569262171593, 9.62569262171593
7, 14.839807669077954, 16.749648221392217, 14.83980767420565
8, 10.81886420247232, 11.10802350987587, 11.10802350987587
8, 14.289785813336309, 17.423202472661625, 14.289785814865553
8, 13.286879073195506, 13.28687907677146, 13.286879076771458
8, 7.4640706057796535, 9.196372164830382, 7.494263746298117
8, 15.290014582080012, 15.290014582080012, 15.290014582080008
8, 9.38525332397211, 10.500466973065668, 9.385253325013567
8, 10.013134402540011, 10.64581347074797, 10.0131344025401
8, 7.432498174960158, 8.172844419901864, 7.432498174963511
8, 10.629887552013185, 12.167084208365251, 12.057325377342599
8, 11.058799119838696, 15.854768692199412, 11.993042750169753
8, 6.1069433545185, 9.076453818816468, 6.106943354518499
8, 5.7302787665557045, 6.729578158318869, 5.730278766555703
8, 5.469798956566015, 6.12542613505933, 5.469798956566018
8, 4.65155321000572, 7.297705482016736, 4.6515532100057015
8, 11.538702675411448, 11.538702675411448, 11.538702675411448
8, 12.337452057967802, 12.337452061137382, 12.337452061137382
8, 10.351046889666033, 10.351046892565742, 10.351046892565742
8, 7.940957525047514, 9.479152664661278, 7.940957526857998
8, 5.486405908186958, 5.486405908186955, 5.4864059081869545
8, 20.650199542699514, 20.65019954269951, 20.65019954269951
8, 10.398884272362594, 12.76540368649507, 12.76540368649507
8, 6.172820005931356, 6.1728200059313565, 6.1728200059313565
8, 5.836586635441586, 7.683987818140187, 6.065630524749412
8, 11.31201996735898, 12.507568852760647, 12.507568852760647
8, 8.131719232665825, 8.131719233581396, 8.131719233581395
8, 13.90597522705136, 13.905975227059777, 13.905975227059777
8, 14.565657664098342, 14.565657664098342, 14.56565766409834
8, 9.044984439283187, 11.523516114840309, 9.044984440287731
8, 10.282587698797077, 11.50836795274145, 10.282587698797075
8, 14.924854804044593, 14.924854804044589, 14.924854804044589
8, 12.827533124287118, 18.50401673941306, 18.50401673941306
8, 2.9872796226451412, 4.233045519581204, 3.716657599294008
8, 15.172906782448017, 15.172906782448305, 15.172906782448305
8, 9.893904539742826, 9.893904539742826, 9.893904539742826
8, 5.169615759711475, 6.094626374754375, 5.16961575971148
8, 9.02480831261326, 11.699806145708784, 9.02480831261326
8, 4.031964611647147, 6.430682332321788, 5.82608240090219
8, 8.935913880879218, 8.935913880882582, 8.93591388088258
8, 9.102588807916035, 11.007256629808124, 11.007256629808124
8, 15.718017615161672, 15.71801761516167, 15.71801761516167
8, 5.62480111003516, 5.6248011100351585, 5.6248011100351585
8, 16.232936297789156, 16.232936299513632, 16.232936299513632
8, 3.436597682493627, 3.4365976824936264, 3.4365976824936264
8, 9.161123722684424, 10.454035513711382, 9.16112372593173
8, 9.208758688726887, 9.208758690439673, 9.208758690439673
8, 10.66679241019501, 13.13074479774265, 10.666792411367613
8, 12.42888862174002, 12.42888862174002, 12.42888862174002
8, 8.542271810085518, 13.020516354715514, 13.020516354715514
8, 10.499455603786293, 14.083305137534037, 11.51110040643156
8, 7.899113676446641, 9.261238114534432, 9.261238114534432
8, 15.81502472233494, 16.908027495921694, 15.815024722357943
8, 11.263710862708452, 11.26371086393504, 11.26371086393504
8, 12.428788129635889, 13.055937891916788, 12.428788129635842
8, 9.125755094637315, 10.272895531256498, 9.125755094637364
8, 8.028573214923284, 10.740191343551835, 8.028573214923389
8, 7.582691028936162, 8.16738635487335, 7.582691029794426
8, 10.820581092549784, 11.251379177935036, 10.820581093731834
8, 6.484025824909398, 8.770220949287216, 6.48402582490943
8, 12.768465884210976, 13.663063336227061, 12.768465885587796
8, 7.631222969865932, 8.09614622340036, 8.027857255858459
8, 10.793393217485557, 10.793393218664942, 10.793393218664942
8, 19.383273215967325, 19.383273215967325, 19.383273215967325
8, 8.017276528548054, 8.017276528552623, 8.017276528552623
8, 3.5572045446331457, 3.7919347757034476, 3.5572045446331453
8, 14.245066450924753, 14.860725293502318, 14.245066450924753
8, 8.206637326248707, 12.158135104733365, 8.310185069583268
8, 15.17373097221608, 15.17373097221608, 15.173730972216077
8, 4.529428082153599, 6.903785377754111, 4.529428082153601
8, 13.154611499711976, 16.592257857435563, 13.154611501147235
8, 13.247743930461983, 15.285838686292914, 13.247743930461983
8, 6.991891930362447, 10.400331869454037, 7.520145048586269
8, 8.935692251384618, 11.116993786788523, 11.116993786788523
8, 12.515339523984752, 12.515339523984752, 12.515339523984748
8, 8.01032050052764, 11.959477269456706, 8.010320500527651
8, 10.39812311074703, 10.846380693987147, 10.398123111887104
8, 16.29242576474316, 16.29242576474316, 16.29242576474316
8, 15.353786830277617, 15.353786831916784, 15.353786831916784
8, 8.221602024356578, 8.221602024356578, 8.221602024356578
8, 9.849367812952647, 9.849367814039077, 9.849367814039077
8, 7.558933710521572, 9.554011003330384, 9.170747817105495
8, 6.37428085393841, 8.221326024926142, 6.37428085393841
8, 10.844388123141409, 11.449903837340413, 10.844388123157968
8, 6.5128483395640195, 7.654191379890991, 6.512848339564044
8, 15.572962058724418, 15.572962058748832, 15.572962058748832
8, 7.241595326914165, 7.302961425199429, 7.2483585016889025
8, 10.062686390298888, 10.062686390298888, 10.062686390298888
8, 7.274562198059708, 8.085853459173029, 7.274562198066218
8, 7.551540153872246, 9.267596666277967, 9.267596666277967
8, 17.937723118539047, 20.86528590264351, 17.93772312043285
8, 10.649275693385352, 10.649275693390313, 10.649275693390313
8, 11.732970974216764, 11.732970975499725, 11.732970975499725
8, 11.05026079532687, 14.986540920687466, 11.050260795326885
8, 3.6047665112053835, 3.604766511205372, 3.604766511205372
8, 9.688077735420162, 9.688077735420162, 9.688077735420162
8, 9.179821293508864, 9.818378463923906, 9.818378463923905
8, 10.374679435954196, 14.856860714544862, 10.418477322237734
8, 10.815458025598096, 14.31252599022236, 14.312525990222356
8, 8.714333183175457, 9.267964688374622, 8.714333184146955
8, 5.501370788818984, 7.369888976744627, 5.501370789469122
8, 9.40357480797208, 10.675680411327281, 9.40357480901252
9, 7.288740147922811, 8.110186704662054, 7.288740149798665
9, 8.469106903440181, 8.888477153132172, 8.469106904387075
9, 7.4621156972718445, 7.462115697271807, 7.462115697271807
9, 8.624433700001614, 9.452377411210861, 9.452377411210861
9, 8.542562571900412, 11.641186911525791, 8.542562574049802
9, 15.821471998271337, 15.821471998271337, 15.821471998271335
9, 9.559768965065581, 9.559768965069928, 9.559768965069928
9, 20.650880409584072, 21.22952516780836, 20.650880409584072
9, 6.585273936886654, 8.282320922314389, 6.585273937651646
9, 10.401610181965948, 14.520394821317343, 10.928791839374352
9, 5.091601632387574, 6.954377466471446, 5.0916016323877145
9, 13.04714608046438, 16.80304592023809, 13.047146080464382
9, 8.335907970921587, 9.219931732006922, 8.335907970921529
9, 9.867805454303967, 11.619772287682629, 11.619772287682629
9, 6.857330761845206, 11.164852820917057, 6.857330761845156
9, 14.979695637938812, 14.979695639536782, 14.97969563953678
9, 16.73729577393556, 16.73729577393556, 16.73729577393556
9, 13.12121672393756, 17.91673334832734, 15.018853750097085
9, 10.49490252616951, 10.494902527326797, 10.494902527326797
9, 7.348438135488101, 10.52311817042102, 10.032117909247077
9, 9.720154302552237, 11.394220341726413, 9.720154302552238
9, 5.5869085221633465, 9.231498968224976, 6.233888674162573
9, 14.987699198677719, 14.987699198677744, 14.987699198677742
9, 10.395150177722739, 11.62585847947809, 11.317335869920223
9, 7.337878414853773, 9.840314115482132, 8.04907095161976
9, 11.349388087076674, 14.093810735934001, 14.093810735934
9, 10.38093656043705, 10.52241754610867, 10.380936562731653
9, 8.855887956984677, 10.841927807653919, 10.051562575674554
9, 14.130681696104219, 14.130681696104217, 14.130681696104217
9, 12.746123610799765, 12.746123610799767, 12.746123610799767
9, 9.134490884410466, 9.91864527702947, 9.134966148925875
9, 11.140748206420563, 11.140748206428718, 11.140748206428718
9, 4.906836856071314, 4.9068368566619975, 4.9068368566619975
9, 13.716454313858186, 14.666363832387626, 13.716454313858184
9, 8.611615566223433, 8.611615567184646, 8.611615567184645
9, 5.5666513502148565, 7.61442355021725, 7.307956704700267
9, 7.66088377335929, 13.036529645417179, 8.716967391260699
9, 4.585614080301016, 4.666633533492194, 4.585614080859896
9, 13.032298976605743, 13.032298976605743, 13.032298976605743
9, 7.457351873288442, 9.912329000349573, 9.912329000349573
9, 10.834218129589475, 10.834218129589475, 10.834218129589473
9, 8.589630834297623, 9.245021347179716, 9.245021347179716
9, 13.332918137068997, 14.023052476057877, 14.023052476057877
9, 13.551643635601753, 15.582933336867011, 13.551643635601751
9, 5.589585013203511, 7.132983943765587, 5.589585013862477
9, 15.79436285971567, 15.794362861411955, 15.794362861411955
9, 12.542181433119351, 12.542181434486274, 12.542181434486274
9, 16.400825345419424, 16.400825345419424, 16.400825345419424
9, 13.149732668181315, 14.142741223154065, 13.149732668181315
9, 15.15333438011366, 16.41192358141283, 16.41192358141283
9, 11.126942907093001, 11.126942907093001, 11.126942907093
9, 7.9471130714024385, 7.947113071402438, 7.947113071402438
9, 10.17414128348804, 10.174141285772581, 10.174141285772581
9, 10.365334820533944, 13.78885511741288, 10.36533482167066
9, 5.8522894087584865, 7.368593238826152, 5.852289408758493
9, 6.095522917842647, 7.376099304202149, 7.376099304202149
9, 6.262158237002245, 7.633466499008741, 6.262158237002245
9, 4.978870949114554, 6.40387421359414, 4.978870949114556
9, 14.779540130387215, 15.794373810990221, 14.779540130387216
9, 4.451528961811544, 5.327946522509859, 4.451528961811544
9, 12.116892274195482, 13.710128776793406, 12.11689227550711
9, 9.203397003504746, 11.521754435016916, 11.521754435016915
9, 13.645022032506793, 15.204916669169062, 13.645022033971278
9, 13.897144612187898, 15.091170655704413, 15.091170655704413
9, 12.589086516824807, 12.589086518194618, 12.589086518194618
9, 8.382441113101338, 8.382441114039567, 8.382441114039567
9, 13.421193229938893, 14.487207897184307, 13.421193231383302
9, 10.54706043809489, 11.824023058579833, 10.547060440812928
9, 13.85331438358461, 14.582931780479877, 13.853314385079544
9, 13.95401703776023, 13.954017039269718, 13.954017039269718
9, 16.473164286739028, 16.47316428673903, 16.473164286739028
9, 7.601932529877245, 9.461205190697743, 7.601932529877211
9, 13.061474425157238, 15.347340157049544, 15.347340157049544
9, 11.655652496853978, 14.688079021959798, 14.688079021959798
9, 14.785283584755911, 14.785283584755906, 14.785283584755906
9, 16.962401936512144, 16.962401938308385, 16.962401938308385
9, 5.098262035287004, 5.098262035286961, 5.098262035286961
9, 12.757837794476949, 12.757837794476952, 12.75783779447695
9, 14.66720857867677, 14.66720857867677, 14.66720857867677
9, 9.677748099645626, 9.67774809964576, 9.67774809964576
9, 7.744381115526453, 7.74438111745242, 7.744381117452419
9, 13.677740159110689, 14.406350780129598, 13.677740159110687
9, 9.452718397670036, 13.852119961436143, 10.107147637390376
9, 10.307587428444036, 12.596358830955417, 10.307587428444045
9, 15.258782417319917, 15.258782417319916, 15.258782417319914
9, 13.443097741828158, 13.68017419598612, 13.443097741828154
9, 5.572456733590365, 7.813996644700719, 6.070616007484032
9, 13.878481283202472, 13.878481283202474, 13.87848128320247
9, 9.868781305487218, 13.42183261676713, 10.894311533825423
9, 19.32190494782889, 19.32190494782889, 19.32190494782889
9, 8.073128861041901, 8.597850685541918, 8.073128861041901
9, 9.399913957307099, 11.669239824804647, 9.399913958710426
9, 9.980250376520432, 15.590987533787406, 9.980250377618484
9, 13.246940203777982, 13.246940207140224, 13.246940207140224
9, 12.203091458610425, 12.203091459930794, 12.203091459930791
9, 14.360906555321467, 16.582854080944966, 16.582854080944962
9, 5.8674602833264204, 6.936941795459781, 5.867460283326429
9, 6.420899726759771, 9.617362214283311, 6.420899726761688
9, 7.287144119945643, 10.199891772976297, 7.287144119945591
9, 16.555035582042397, 16.5550355820424, 16.5550355820424
10, 10.30403303204521, 16.097001541509147, 11.796459241461971
10, 12.466678775331077, 12.466678775331076, 12.466678775331074
10, 15.267657898467398, 15.26765790228427, 15.26765790228427
